Epoch,Step,Data Loss,Physics Loss,Loss
0,9,2160.239501953125,111.68644714355469,2057.811767578125
0,19,1075.4417724609375,112.50725555419922,1027.2950439453125
0,29,919.0337524414062,57.315250396728516,875.9478149414062
0,39,574.3238525390625,32.155155181884766,547.2154541015625
0,49,434.0895080566406,17.552061080932617,413.26263427734375
0,59,363.1804504394531,13.92367172241211,345.7176208496094
0,69,288.9223327636719,15.610405921936035,275.2567443847656
0,79,258.4945983886719,8.645889282226562,246.00216674804688
0,89,191.95703125,5.901965618133545,182.65428161621094
0,99,192.65829467773438,11.5139741897583,183.60107421875
0,109,171.64566040039062,11.673103332519531,163.6470184326172
0,119,149.21688842773438,5.140377044677734,142.0130615234375
0,129,122.67340087890625,8.004514694213867,116.93994903564453
0,139,78.7964096069336,4.980009078979492,75.1055908203125
0,149,73.14940643310547,5.315486907958984,69.7577133178711
0,159,59.66105270385742,4.518306732177734,56.90391159057617
0,169,80.57820129394531,4.053036689758301,76.75194549560547
0,179,68.25093078613281,3.2360289096832275,65.00019073486328
0,189,56.98469543457031,3.3694190979003906,54.303932189941406
0,199,58.6566162109375,3.083371639251709,55.877952575683594
0,209,46.257713317871094,2.166473627090454,44.05315017700195
0,219,41.11257553100586,1.6516637802124023,39.139530181884766
0,229,29.684059143066406,2.1118764877319336,28.305450439453125
0,239,23.513809204101562,1.9425327777862549,22.435243606567383
0,249,18.602296829223633,1.3663811683654785,17.740501403808594
0,259,15.667094230651855,1.284758448600769,14.947977066040039
0,269,14.650691032409668,0.8564890027046204,13.960981369018555
0,279,14.885333061218262,1.3797062635421753,14.210051536560059
0,289,14.694727897644043,0.9611267447471619,14.008048057556152
0,299,13.24787425994873,0.8461938500404358,12.627790451049805
0,309,8.55470085144043,0.7843932509422302,8.16618537902832
0,319,8.038386344909668,0.6090593338012695,7.666919708251953
0,329,7.23874568939209,0.4467582702636719,6.89914608001709
0,339,6.412972927093506,0.6164189577102661,6.12314510345459
0,349,5.464316368103027,0.4609408974647522,5.214147567749023
0,359,5.822658538818359,0.6363849639892578,5.563344955444336
0,369,4.2506842613220215,0.34151560068130493,4.055225849151611
0,379,5.422521114349365,0.4139537811279297,5.172092437744141
0,389,3.874333620071411,0.6558271050453186,3.7134082317352295
0,399,4.2877349853515625,0.3902924656867981,4.092862606048584
0,409,3.837388753890991,0.41981399059295654,3.6665098667144775
0,419,3.588029623031616,0.37145841121673584,3.4272007942199707
0,429,3.1655118465423584,0.44582346081733704,3.029527425765991
0,439,3.6737914085388184,0.4702381491661072,3.513613700866699
0,449,3.2410988807678223,0.48903271555900574,3.1034955978393555
0,459,6.770405292510986,0.6261452436447144,6.463191986083984
0,469,2.333693742752075,0.6220005750656128,2.2481091022491455
0,479,2.0458922386169434,0.49004706740379333,1.9680999517440796
0,489,2.032656192779541,0.3313530385494232,1.9475910663604736
0,499,1.660517930984497,0.3474711775779724,1.5948655605316162
0,509,2.1842522621154785,0.39925652742385864,2.0950024127960205
0,519,2.438599109649658,0.4418628215789795,2.3387622833251953
0,529,2.1686315536499023,0.32252201437950134,2.0763261318206787
0,539,1.9503464698791504,0.4150792062282562,1.8735830783843994
0,549,3.1035118103027344,0.3107849955558777,2.9638752937316895
0,559,1.9670460224151611,0.4334740936756134,1.8903673887252808
0,569,3.101757049560547,0.33623629808425903,2.9634809494018555
0,579,2.1309449672698975,0.3973788321018219,2.04426646232605
0,589,2.428140878677368,0.3492409586906433,2.3241958618164062
0,599,2.522693395614624,0.44097453355789185,2.418607473373413
0,609,1.5753883123397827,0.4041284918785095,1.5168253183364868
0,619,2.747680902481079,0.4116966724395752,2.6308815479278564
0,629,2.2079050540924072,0.2331767976284027,2.109168767929077
0,639,1.4122672080993652,0.31787511706352234,1.3575475215911865
0,649,0.9815352559089661,0.26395007967948914,0.9456559419631958
0,659,1.3210608959197998,0.4305301606655121,1.2765343189239502
0,669,2.520829439163208,0.37315601110458374,2.4134457111358643
0,679,1.6498152017593384,0.4947657287120819,1.5920627117156982
0,689,1.3690705299377441,0.43915629386901855,1.3225748538970947
0,699,3.259913206100464,0.7858982086181641,3.1362123489379883
0,709,1.4479588270187378,0.25663629174232483,1.388392686843872
0,719,1.1734830141067505,0.4482574462890625,1.1372216939926147
0,729,1.015663504600525,0.489632248878479,0.9893618822097778
0,739,3.3597986698150635,0.4494185149669647,3.2142796516418457
0,749,1.5238590240478516,0.43810194730758667,1.4695711135864258
0,759,2.375201463699341,0.5465115308761597,2.283766984939575
0,769,1.1332471370697021,0.4985027611255646,1.101509928703308
0,779,1.0738674402236938,0.28953856229782104,1.0346509218215942
0,789,1.4782804250717163,0.21236586570739746,1.4149847030639648
0,799,1.3483420610427856,0.259499728679657,1.2938998937606812
0,809,2.409160614013672,0.24655577540397644,2.301030158996582
0,819,2.1892600059509277,0.45126980543136597,2.102360486984253
0,829,1.2917582988739014,0.299551784992218,1.2421479225158691
0,839,1.216414213180542,0.2279902547597885,1.1669930219650269
0,849,1.6281476020812988,0.25021034479141235,1.5592507123947144
0,859,4.086023807525635,0.6441084742546082,3.9139277935028076
0,869,1.2814809083938599,0.34253576397895813,1.234533667564392
0,879,1.0598448514938354,0.315690815448761,1.022637128829956
0,889,2.1519997119903564,0.8311020135879517,2.0859549045562744
0,899,0.7956090569496155,0.230485737323761,0.7673528790473938
0,909,1.5601625442504883,0.39179790019989014,1.501744270324707
0,919,1.970656156539917,0.6985411047935486,1.907050371170044
0,929,1.0715135335922241,0.29312169551849365,1.0325939655303955
0,939,2.3665285110473633,0.34683167934417725,2.2655436992645264
0,949,0.6115099787712097,0.24278567731380463,0.5930737257003784
0,959,1.166290044784546,0.25005707144737244,1.1204783916473389
0,969,1.690251350402832,0.3868985176086426,1.6250836849212646
0,979,1.9502229690551758,0.26090317964553833,1.8657569885253906
0,989,1.9024572372436523,0.25931331515312195,1.8202999830245972
0,999,1.3730099201202393,0.2490130215883255,1.316810131072998
0,1009,1.0075401067733765,0.2844744026660919,0.9713867902755737
0,1019,2.0704505443573,0.2811879515647888,1.9809874296188354
0,1029,0.9346753358840942,0.23670783638954163,0.8997769355773926
0,1039,0.889448344707489,0.22567738592624664,0.8562597632408142
0,1049,2.6015164852142334,0.3505081534385681,2.4889659881591797
0,1059,3.3089985847473145,0.29804158210754395,3.1584508419036865
0,1069,0.690884530544281,0.3202144503593445,0.6723510026931763
0,1079,2.112617015838623,0.32423579692840576,2.023197889328003
0,1089,0.6132022738456726,0.21815156936645508,0.5934497714042664
0,1099,0.7325653433799744,0.2808314561843872,0.7099786996841431
0,1109,1.6844518184661865,1.030977487564087,1.6517781019210815
0,1119,0.7204602360725403,0.3735215365886688,0.703113317489624
0,1129,1.6818886995315552,0.4396950900554657,1.6197789907455444
0,1139,0.6691460013389587,0.26062241196632385,0.648719847202301
0,1149,1.2180180549621582,0.24913163483142853,1.1695736646652222
0,1159,0.44154074788093567,0.20046424865722656,0.4294869005680084
0,1169,2.4013688564300537,0.4260897636413574,2.3026046752929688
0,1179,2.2900545597076416,0.3106689155101776,2.1910853385925293
0,1189,1.1687052249908447,0.47096386551856995,1.1338181495666504
0,1199,0.7978848814964294,0.24908338487148285,0.7704447507858276
0,1209,5.174566268920898,0.32119065523147583,4.931897163391113
0,1219,1.6417797803878784,0.5522376298904419,1.587302565574646
0,1229,0.6560219526290894,0.2283892184495926,0.6346403360366821
0,1239,0.9126440286636353,0.23569658398628235,0.8787966966629028
0,1249,2.797895908355713,0.25038889050483704,2.670520544052124
0,1259,1.1032315492630005,0.32915884256362915,1.0645278692245483
0,1269,1.6592957973480225,0.44609707593917847,1.5986359119415283
0,1279,0.6552318334579468,0.25460925698280334,0.6352007389068604
0,1289,1.1590220928192139,0.27445998787879944,1.1147940158843994
0,1299,0.649959146976471,0.3316696286201477,0.6340447068214417
0,1309,1.5380628108978271,0.33125734329223633,1.4777225255966187
0,1319,2.0030853748321533,0.3294316828250885,1.9194027185440063
0,1329,1.0078232288360596,0.3497266471385956,0.9749183654785156
0,1339,0.7700705528259277,0.20925766229629517,0.7420299053192139
0,1349,0.8147704005241394,0.2869105935096741,0.7883774042129517
0,1359,0.8487558960914612,0.7335078716278076,0.8429934978485107
0,1369,1.7560839653015137,0.7139476537704468,1.703977108001709
0,1379,1.0069557428359985,0.685154914855957,0.9908657073974609
0,1389,0.7864424586296082,0.310534805059433,0.7626470327377319
0,1399,0.5803657174110413,0.35434597730636597,0.569064736366272
0,1409,3.217360019683838,0.25826674699783325,3.0694053173065186
0,1419,0.7863851189613342,0.2664894759654999,0.7603903412818909
0,1429,0.5453608632087708,0.29813092947006226,0.5329993367195129
0,1439,0.9095897674560547,0.29151955246925354,0.878686249256134
0,1449,0.7736136317253113,0.17137053608894348,0.7435014843940735
0,1459,0.48561742901802063,0.22929327189922333,0.47280120849609375
0,1469,1.8823047876358032,0.31170207262039185,1.8037745952606201
0,1479,0.9575779438018799,0.2732751965522766,0.9233627915382385
0,1489,1.5071860551834106,0.19330176711082458,1.4414918422698975
0,1499,1.5084202289581299,0.3038255274295807,1.4481905698776245
0,1509,0.7435886263847351,0.2913689911365509,0.7209776639938354
0,1519,0.8720782995223999,0.24206237494945526,0.8405775427818298
0,1529,0.8214370608329773,0.20827525854110718,0.7907789349555969
0,1539,1.6808711290359497,0.2272241860628128,1.6081887483596802
0,1549,2.4773647785186768,0.7868872880935669,2.39284086227417
0,1559,0.8574817776679993,0.2814343571662903,0.8286793828010559
0,1569,1.3002214431762695,0.25763675570487976,1.2480921745300293
0,1579,0.5104498863220215,0.19747017323970795,0.4948008954524994
0,1589,1.5896501541137695,0.2850118577480316,1.5244182348251343
0,1599,1.4569387435913086,0.5151115655899048,1.4098472595214844
0,1609,1.3107801675796509,0.25228968262672424,1.2578556537628174
0,1619,0.6752303838729858,0.2689116597175598,0.6549144387245178
0,1629,1.0532149076461792,0.20993539690971375,1.0110509395599365
0,1639,1.6141968965530396,0.2507503628730774,1.5460245609283447
0,1649,0.7602757215499878,0.301969051361084,0.7373603582382202
0,1659,1.818185567855835,0.2740958631038666,1.740981101989746
0,1669,1.210096836090088,0.3193361759185791,1.1655586957931519
0,1679,1.7540977001190186,0.32848772406578064,1.6828172206878662
0,1689,1.03382408618927,0.30373790860176086,0.997319757938385
0,1699,1.2056576013565063,0.3157496154308319,1.1611621379852295
0,1709,0.7117305994033813,0.19355911016464233,0.6858220100402832
0,1719,1.7119269371032715,0.4280705749988556,1.6477341651916504
0,1729,0.6275932788848877,0.3361138105392456,0.6130192875862122
0,1739,1.0700745582580566,0.24854707717895508,1.0289981365203857
0,1749,1.870984673500061,0.6214840412139893,1.8085095882415771
0,1759,1.1512629985809326,0.42518189549446106,1.1149588823318481
0,1769,1.40519118309021,0.2436068058013916,1.3471119403839111
0,1779,1.668552041053772,0.2717567980289459,1.5987122058868408
0,1789,0.8910877108573914,0.33438560366630554,0.863252580165863
0,1799,0.5543386340141296,0.22254568338394165,0.5377489924430847
0,1809,0.5694313645362854,0.21861547231674194,0.5518905520439148
0,1819,0.7945239543914795,0.5193924903869629,0.7807673811912537
0,1829,0.5211001634597778,0.23313403129577637,0.5067018270492554
0,1839,1.7951093912124634,0.6168583631515503,1.736196756362915
0,1849,1.0751862525939941,0.21012882888317108,1.031933307647705
0,1859,0.5180003046989441,0.2904130220413208,0.5066209435462952
0,1869,1.3916844129562378,0.3713529407978058,1.3406678438186646
0,1879,1.7807316780090332,0.25961020588874817,1.704675555229187
0,1889,1.0933899879455566,0.3067130446434021,1.054056167602539
0,1899,0.959758460521698,0.2794135808944702,0.9257411956787109
0,1909,1.1594045162200928,0.5087218284606934,1.1268702745437622
0,1919,0.5697625875473022,0.4131259322166443,0.5619307160377502
0,1929,0.46178770065307617,0.29835963249206543,0.45361629128456116
0,1939,0.36478930711746216,0.20162555575370789,0.3566311299800873
0,1949,0.6879099607467651,0.11986012011766434,0.6595074534416199
0,1959,0.8326660394668579,0.6797088384628296,0.8250181674957275
0,1969,1.0915589332580566,0.2420727014541626,1.0490846633911133
0,1979,1.2070821523666382,0.43080955743789673,1.1682685613632202
0,1989,0.7993090748786926,0.40954113006591797,0.7798206806182861
0,1999,0.3102962076663971,0.1418144851922989,0.3018721044063568
0,2009,1.1951910257339478,0.2808469533920288,1.149473786354065
0,2019,1.585856318473816,0.3797978460788727,1.5255533456802368
0,2029,0.9667754769325256,0.1876024603843689,0.9278168082237244
0,2039,0.5131634473800659,0.22722381353378296,0.4988664388656616
0,2049,0.48740047216415405,0.34511902928352356,0.4802864193916321
0,2059,0.9037826061248779,0.2526969909667969,0.8712283372879028
0,2069,0.6518313884735107,0.4887300729751587,0.6436762809753418
0,2079,0.5623626708984375,0.26862967014312744,0.5476760268211365
0,2089,0.46456378698349,0.22764110565185547,0.4527176320552826
0,2099,1.1595078706741333,0.5283893346786499,1.127951979637146
0,2109,0.3668614327907562,0.12436804175376892,0.3547367751598358
0,2119,0.28172075748443604,0.15066955983638763,0.27516821026802063
0,2129,1.795137882232666,0.6560530066490173,1.738183617591858
0,2139,0.4965631067752838,0.10526971518993378,0.4769984185695648
0,2149,3.957282781600952,0.2591835558414459,3.7723777294158936
0,2159,0.3389323055744171,0.13400234282016754,0.32868582010269165
0,2169,0.39563265442848206,0.18190400302410126,0.38494619727134705
0,2179,0.3488146960735321,0.24921314418315887,0.34383460879325867
0,2189,0.6677770018577576,0.3358703851699829,0.651181697845459
0,2199,0.7980020046234131,0.37841397523880005,0.7770226001739502
0,2209,0.41901540756225586,0.33777356147766113,0.4149533212184906
0,2219,0.6324325203895569,0.15615662932395935,0.6086187362670898
0,2229,0.39542269706726074,0.24866563081741333,0.38808485865592957
0,2239,0.757875382900238,0.5449665188789368,0.7472299337387085
0,2249,1.2789466381072998,0.25564107298851013,1.2277814149856567
0,2259,1.4834258556365967,0.625056266784668,1.440507411956787
0,2269,1.124311923980713,0.35952866077423096,1.0860726833343506
0,2279,0.8785344362258911,0.302146852016449,0.8497150540351868
0,2289,1.023811936378479,0.7324389219284058,1.0092432498931885
0,2299,1.4643977880477905,0.3895837962627411,1.4106570482254028
0,2309,1.3988441228866577,0.3462633192539215,1.346215009689331
0,2319,0.6677871346473694,0.22701045870780945,0.6457482576370239
0,2329,0.5768651962280273,0.23939280211925507,0.5599915385246277
0,2339,1.1518275737762451,0.618876039981842,1.1251798868179321
0,2349,0.42910638451576233,0.12029943615198135,0.4136660397052765
0,2359,1.5290923118591309,0.29227206110954285,1.4672513008117676
0,2369,0.3614879548549652,0.20442131161689758,0.35363462567329407
0,2379,0.34447401762008667,0.16373242437839508,0.3354369103908539
0,2389,0.793754518032074,0.4084072709083557,0.7744871377944946
0,2399,2.1584315299987793,0.5556967854499817,2.0782947540283203
0,2409,0.49742645025253296,0.1845676451921463,0.48178350925445557
0,2419,0.40820959210395813,0.22735902667045593,0.3991670608520508
0,2429,0.7269279360771179,0.18361282348632812,0.699762225151062
0,2439,0.7787212133407593,0.44133710861206055,0.761851966381073
0,2449,0.5095151662826538,0.09850023686885834,0.48896440863609314
0,2459,0.4579618573188782,0.17112936079502106,0.4436202049255371
0,2469,0.9980753660202026,0.3928956389427185,0.9678164124488831
0,2479,0.4082266092300415,0.14390450716018677,0.39501050114631653
0,2489,1.3178260326385498,0.812313437461853,1.2925504446029663
0,2499,0.4180704355239868,0.2447110265493393,0.409402459859848
0,2509,0.6537595987319946,0.5071876645088196,0.646431028842926
0,2519,0.4075758755207062,0.3003057539463043,0.40221235156059265
0,2529,1.1479792594909668,0.6277872323989868,1.1219695806503296
0,2539,0.2146276980638504,0.0951801985502243,0.20865532755851746
0,2549,0.31556910276412964,0.18334224820137024,0.3089577555656433
0,2559,0.4183707535266876,0.1429923176765442,0.4046018123626709
0,2569,0.8202770948410034,0.8627534508705139,0.8224009275436401
0,2579,0.24876746535301208,0.11470574885606766,0.24206438660621643
0,2589,1.0537666082382202,0.7240772843360901,1.037282109260559
0,2599,1.1155656576156616,0.8935286998748779,1.104463815689087
0,2609,0.8353519439697266,0.48738163709640503,0.8179534077644348
0,2619,0.271117627620697,0.12413906306028366,0.2637687027454376
0,2629,1.680845022201538,0.5629624128341675,1.624950885772705
0,2639,0.444480299949646,0.2665732204914093,0.4355849623680115
0,2649,1.2051039934158325,0.42988651990890503,1.166343092918396
0,2659,1.0373138189315796,0.7172113060951233,1.0213086605072021
0,2669,0.2921364903450012,0.12011907994747162,0.28353559970855713
0,2679,0.7989603281021118,0.458013653755188,0.7819129824638367
0,2689,0.4257053732872009,0.2832702100276947,0.41858363151550293
0,2699,0.26475101709365845,0.14477096498012543,0.2587519884109497
0,2709,0.3253004252910614,0.17053020000457764,0.31756189465522766
0,2719,0.8597049713134766,0.44968563318252563,0.8392040133476257
0,2729,0.4644912779331207,0.2984110414981842,0.45618727803230286
0,2739,0.3641867935657501,0.09770242869853973,0.3508625626564026
0,2749,0.9113689661026001,0.23466098308563232,0.8775335550308228
0,2759,1.085961937904358,0.407694011926651,1.0520484447479248
0,2769,0.29121607542037964,0.19306150078773499,0.28630831837654114
0,2779,0.38517773151397705,0.25501129031181335,0.378669410943985
0,2789,0.6781304478645325,0.6035335659980774,0.6744006276130676
0,2799,0.2368246614933014,0.1333881914615631,0.23165282607078552
0,2809,0.8544486165046692,0.9684963822364807,0.8601509928703308
0,2819,0.22057697176933289,0.09980449080467224,0.2145383358001709
0,2829,1.0736204385757446,0.30706608295440674,1.0352927446365356
0,2839,1.2194172143936157,0.596091091632843,1.1882508993148804
0,2849,0.4020673334598541,0.329016774892807,0.39841482043266296
0,2859,0.6414633393287659,0.4744855761528015,0.6331143975257874
0,2869,0.774377167224884,0.4718080163002014,0.759248673915863
0,2879,0.5147058963775635,0.16324687004089355,0.49713295698165894
0,2889,0.821763277053833,0.43157699704170227,0.8022539615631104
0,2899,0.6376819610595703,0.34726840257644653,0.623161256313324
0,2909,0.4923669695854187,0.12001769244670868,0.4737494885921478
0,2919,0.6918914318084717,0.3772936165332794,0.676161527633667
0,2929,0.41151556372642517,0.14619196951389313,0.3982493579387665
0,2939,0.40963006019592285,0.34464704990386963,0.40638092160224915
0,2949,0.7217428088188171,0.5644336342811584,0.7138773202896118
0,2959,0.4063577651977539,0.3185912072658539,0.40196943283081055
0,2969,0.5947230458259583,0.44262295961380005,0.5871180295944214
0,2979,0.30615323781967163,0.1345391571521759,0.297572523355484
0,2989,0.6731951832771301,0.2979361414909363,0.6544322371482849
0,2999,0.5443477034568787,0.12990328669548035,0.5236254930496216
0,3009,0.2480856478214264,0.10819104313850403,0.24109092354774475
0,3019,0.7045779824256897,0.8509877920150757,0.7118984460830688
0,3029,0.6219044923782349,0.17601311206817627,0.5996099710464478
0,3039,0.7461825609207153,0.2269444465637207,0.720220685005188
0,3049,0.7337999939918518,0.4857591986656189,0.7213979363441467
0,3059,0.3707045316696167,0.16578485071659088,0.3604585528373718
0,3069,0.3500239849090576,0.22164829075336456,0.3436051905155182
0,3079,0.536464273929596,0.4209340512752533,0.5306877493858337
0,3089,0.8325437307357788,0.42035990953445435,0.8119345307350159
0,3099,0.9650388956069946,0.43783748149871826,0.9386788606643677
0,3109,0.26560989022254944,0.10729815065860748,0.257694274187088
0,3119,0.3217686712741852,0.1866423487663269,0.3150123655796051
0,3129,0.2910005748271942,0.10700784623622894,0.28180092573165894
0,3139,0.7365766763687134,0.3672066032886505,0.7181081771850586
0,3149,0.5923277139663696,0.3454524874687195,0.5799839496612549
0,3159,0.6900424361228943,0.6589876413345337,0.6884896755218506
0,3169,0.3266999423503876,0.1274547427892685,0.31673768162727356
0,3179,0.37672263383865356,0.10557714104652405,0.36316534876823425
0,3189,0.38147327303886414,0.20064932107925415,0.37243208289146423
0,3199,0.8795114755630493,0.769634485244751,0.874017596244812
0,3209,0.22208257019519806,0.09639889001846313,0.21579837799072266
0,3219,0.7173452973365784,0.42819762229919434,0.7028878927230835
0,3229,0.5046390295028687,0.17467160522937775,0.48814064264297485
0,3239,0.7009839415550232,0.2569558620452881,0.6787825226783752
0,3249,0.3883419930934906,0.12641333043575287,0.3752455413341522
0,3259,0.4961758255958557,0.20635785162448883,0.48168492317199707
0,3269,0.4340614378452301,0.3630291521549225,0.4305098354816437
0,3279,0.24207891523838043,0.17184016108512878,0.23856697976589203
0,3289,0.40198734402656555,0.24917533993721008,0.3943467438220978
0,3299,0.29090166091918945,0.1321069747209549,0.2829619348049164
0,3309,0.21460624039173126,0.0978403240442276,0.20876795053482056
0,3319,0.2511335015296936,0.09523434191942215,0.24333854019641876
0,3329,0.5047294497489929,0.41286054253578186,0.5001360177993774
0,3339,0.26382681727409363,0.10302995145320892,0.2557869851589203
0,3349,0.8141279816627502,0.37186115980148315,0.7920146584510803
0,3359,0.4065810441970825,0.31986966729164124,0.4022454619407654
0,3369,0.6259621977806091,0.4312220811843872,0.6162251830101013
0,3379,0.21035996079444885,0.1169203668832779,0.2056879848241806
0,3389,0.862776517868042,0.7672289609909058,0.8579990863800049
0,3399,0.28748857975006104,0.1837758719921112,0.28230294585227966
0,3409,0.46117302775382996,0.407614529132843,0.4584951102733612
0,3419,1.0297683477401733,0.24336668848991394,0.9904482364654541
0,3429,0.47985100746154785,0.14741642773151398,0.4632292687892914
0,3439,0.2509007751941681,0.15203380584716797,0.2459574192762375
0,3449,0.39859506487846375,0.1366438865661621,0.38549748063087463
0,3459,0.25078877806663513,0.1021304577589035,0.243355855345726
0,3469,0.4553348422050476,0.3979763388633728,0.4524669051170349
0,3479,0.39602428674697876,0.29258647561073303,0.3908523917198181
0,3489,0.7339859008789062,0.7288379669189453,0.7337285280227661
0,3499,0.5220827460289001,0.3533037304878235,0.5136438012123108
0,3509,0.5498360395431519,0.3896517753601074,0.5418268442153931
0,3519,0.3338223695755005,0.1960376799106598,0.3269331455230713
0,3529,0.2693541347980499,0.16641239821910858,0.26420706510543823
0,3539,0.7664056420326233,0.3085004389286041,0.743510365486145
0,3549,0.35986462235450745,0.30019819736480713,0.3568812906742096
0,3559,0.7684950232505798,0.3742525577545166,0.7487828731536865
0,3569,0.6563591361045837,0.5372816920280457,0.6504052877426147
0,3579,0.346946656703949,0.17375963926315308,0.3382872939109802
0,3589,1.415654182434082,0.20886126160621643,1.3553144931793213
0,3599,0.34631627798080444,0.19089356064796448,0.33854514360427856
0,3609,0.6757708191871643,0.49736833572387695,0.6668506860733032
0,3619,0.26559069752693176,0.13993914425373077,0.2593081295490265
0,3629,0.4983762204647064,0.418163537979126,0.4943655729293823
0,3639,0.22437095642089844,0.10751984268426895,0.2185284048318863
0,3649,0.794468343257904,0.504052460193634,0.7799475193023682
0,3659,0.5324050784111023,0.17111936211585999,0.5143407583236694
0,3669,0.3986459970474243,0.36971229314804077,0.3971993029117584
0,3679,0.5335593819618225,0.3629573583602905,0.5250293016433716
0,3689,0.7549984455108643,0.531665563583374,0.7438317537307739
0,3699,0.44461512565612793,0.11978545784950256,0.42837363481521606
0,3709,0.894788920879364,0.19000408053398132,0.8595496416091919
0,3719,0.6456937789916992,0.3994564414024353,0.6333819031715393
0,3729,0.3182150423526764,0.08844482898712158,0.3067265450954437
0,3739,0.6639921069145203,0.5010471343994141,0.6558448672294617
0,3749,0.26471611857414246,0.13845011591911316,0.25840282440185547
0,3759,0.7073069214820862,0.530256986618042,0.6984544396400452
0,3769,0.3475998342037201,0.19048680365085602,0.3397441804409027
0,3779,0.4123469889163971,0.1943393498659134,0.4014465808868408
0,3789,0.33447426557540894,0.1052200049161911,0.3230115473270416
0,3799,0.2805510461330414,0.29458242654800415,0.28125259280204773
0,3809,0.271203875541687,0.12572379410266876,0.2639298737049103
0,3819,0.25426241755485535,0.11199951171875,0.2471492737531662
0,3829,0.6891833543777466,0.28654512763023376,0.6690514087677002
0,3839,0.27845463156700134,0.24708905816078186,0.27688637375831604
0,3849,0.19751596450805664,0.12147839367389679,0.19371408224105835
0,3859,0.49601852893829346,0.25114625692367554,0.48377490043640137
1,9,1.0975269079208374,0.2660287022590637,1.0559520721435547
1,19,0.5571110844612122,0.39885494112968445,0.5491982698440552
1,29,0.45454248785972595,0.3390483260154724,0.4487677812576294
1,39,0.23579339683055878,0.13109377026557922,0.23055841028690338
1,49,0.3430626392364502,0.14377561211585999,0.33309826254844666
1,59,0.28559789061546326,0.2202523648738861,0.28233060240745544
1,69,0.4763227105140686,0.18034091591835022,0.4615236222743988
1,79,0.5613263249397278,0.2425684630870819,0.545388400554657
1,89,0.7903739809989929,0.44318172335624695,0.7730143666267395
1,99,0.3186715841293335,0.10711783170700073,0.3080939054489136
1,109,0.9440409541130066,0.3882592022418976,0.9162518382072449
1,119,0.48291295766830444,0.20485538244247437,0.46901005506515503
1,129,0.21027261018753052,0.10635711252689362,0.20507682859897614
1,139,0.6430650949478149,0.33148229122161865,0.627485990524292
1,149,0.42510390281677246,0.21819844841957092,0.4147586226463318
1,159,1.1559479236602783,0.20714595913887024,1.108507752418518
1,169,0.2833200991153717,0.12322603911161423,0.27531540393829346
1,179,0.6850675344467163,0.5968115925788879,0.680654764175415
1,189,0.31184491515159607,0.08585688471794128,0.30054551362991333
1,199,0.41047370433807373,0.27707716822624207,0.40380385518074036
1,209,0.20178453624248505,0.09202415496110916,0.19629651308059692
1,219,0.5939109325408936,0.32432034611701965,0.5804314017295837
1,229,0.5771539807319641,0.3394165635108948,0.5652670860290527
1,239,1.0980216264724731,0.486644983291626,1.0674527883529663
1,249,0.2396661788225174,0.1254945993423462,0.23395760357379913
1,259,0.444777250289917,0.36519286036491394,0.4407980144023895
1,269,0.7210866212844849,0.2626812756061554,0.6981663703918457
1,279,0.38197317719459534,0.3414119482040405,0.3799450993537903
1,289,0.4499855637550354,0.6100870966911316,0.4579906165599823
1,299,0.4597228467464447,0.11268175393342972,0.44237080216407776
1,309,0.5184144377708435,0.3883025050163269,0.5119088292121887
1,319,0.41866037249565125,0.30317509174346924,0.4128860831260681
1,329,0.44589561223983765,0.3827275037765503,0.4427371919155121
1,339,0.46704626083374023,0.1788332462310791,0.45263558626174927
1,349,0.46375054121017456,0.07203219830989838,0.4441646337509155
1,359,0.19261714816093445,0.09010744094848633,0.18749165534973145
1,369,0.40764060616493225,0.12869195640087128,0.39369314908981323
1,379,0.27518558502197266,0.08225106447935104,0.2655388414859772
1,389,0.275774210691452,0.12888705730438232,0.26842987537384033
1,399,0.19389644265174866,0.1283910572528839,0.19062116742134094
1,409,0.35789844393730164,0.15401826798915863,0.3477044403553009
1,419,0.3131280541419983,0.15071818232536316,0.30500754714012146
1,429,0.8552342653274536,0.5649930834770203,0.8407222032546997
1,439,0.18125176429748535,0.14994850754737854,0.17968660593032837
1,449,0.3888079524040222,0.3745264708995819,0.38809385895729065
1,459,0.26229289174079895,0.13354085385799408,0.2558552920818329
1,469,1.0508573055267334,0.48482996225357056,1.022555947303772
1,479,0.4180016815662384,0.11540523916482925,0.40287184715270996
1,489,0.6507833003997803,0.3181949853897095,0.6341538429260254
1,499,0.46896421909332275,0.1732545793056488,0.45417872071266174
1,509,0.298636794090271,0.13339249789714813,0.2903745472431183
1,519,0.4237043559551239,0.12752361595630646,0.4088953137397766
1,529,0.9382543563842773,0.3790953457355499,0.9102963805198669
1,539,0.2679721713066101,0.16436967253684998,0.26279205083847046
1,549,0.3247743248939514,0.2741943597793579,0.322245329618454
1,559,0.6593489050865173,0.41268014907836914,0.6470154523849487
1,569,0.2803625762462616,0.2741621732711792,0.2800525724887848
1,579,0.7787542939186096,0.5664880275726318,0.768140971660614
1,589,0.3984604477882385,0.2068222165107727,0.3888785243034363
1,599,0.7291215658187866,0.9106032848358154,0.7381955981254578
1,609,0.734344482421875,0.38836991786956787,0.7170457243919373
1,619,0.7418045997619629,0.20906086266040802,0.7151674032211304
1,629,0.281573086977005,0.21332497894763947,0.2781606912612915
1,639,0.3471924364566803,0.23101474344730377,0.34138354659080505
1,649,1.0220102071762085,0.42014938592910767,0.9919171333312988
1,659,0.8085576891899109,0.41536790132522583,0.7888981699943542
1,669,0.21008692681789398,0.1312422901391983,0.20614469051361084
1,679,0.4212019145488739,0.3260096311569214,0.41644227504730225
1,689,0.24608182907104492,0.23654767870903015,0.24560511112213135
1,699,0.3834882974624634,0.29871779680252075,0.3792497515678406
1,709,0.2026280015707016,0.10108958929777145,0.19755107164382935
1,719,0.32102230191230774,0.27613070607185364,0.3187777101993561
1,729,0.41067513823509216,0.34347209334373474,0.4073149859905243
1,739,0.48587608337402344,0.2535649538040161,0.47426050901412964
1,749,1.774604082107544,0.11450722813606262,1.6915992498397827
1,759,0.2079903930425644,0.10374529659748077,0.20277813076972961
1,769,0.3332870602607727,0.29630646109580994,0.3314380347728729
1,779,0.2806811034679413,0.17781734466552734,0.27553790807724
1,789,0.2657293975353241,0.2591708302497864,0.2654014825820923
1,799,0.8173394203186035,0.39778566360473633,0.7963617444038391
1,809,0.33029115200042725,0.12547022104263306,0.32005009055137634
1,819,0.7181460857391357,0.11431857198476791,0.6879546642303467
1,829,0.3479163646697998,0.349559485912323,0.3479984998703003
1,839,0.5101763010025024,0.6578733921051025,0.517561137676239
1,849,0.7662091851234436,0.4181242883205414,0.7488049268722534
1,859,0.20948876440525055,0.11277410387992859,0.20465302467346191
1,869,1.3083642721176147,0.3196086883544922,1.258926510810852
1,879,0.46756264567375183,0.1569894254207611,0.45203399658203125
1,889,0.39405760169029236,0.37370574474334717,0.3930400013923645
1,899,0.38339659571647644,0.19490322470664978,0.3739719092845917
1,909,2.2931926250457764,0.8827614784240723,2.2226710319519043
1,919,0.5493752956390381,0.2893493175506592,0.5363739728927612
1,929,0.3696081340312958,0.13250721991062164,0.35775306820869446
1,939,0.2747914493083954,0.2649812698364258,0.2743009328842163
1,949,0.4670782685279846,0.29433244466781616,0.45844098925590515
1,959,0.44603902101516724,0.47871923446655273,0.4476730525493622
1,969,0.42990127205848694,0.5794092416763306,0.43737664818763733
1,979,0.28023651242256165,0.13736853003501892,0.2730931043624878
1,989,0.40117746591567993,0.34282758831977844,0.3982599675655365
1,999,0.4319438636302948,0.07542596012353897,0.4141179621219635
1,1009,1.1545746326446533,0.3642843961715698,1.1150600910186768
1,1019,0.7038412094116211,0.4144759178161621,0.6893729567527771
1,1029,0.2896425127983093,0.0902777686715126,0.2796742618083954
1,1039,0.7729548215866089,0.3535294234752655,0.7519835233688354
1,1049,0.9322317242622375,0.8000388741493225,0.9256220459938049
1,1059,1.6250396966934204,0.37153950333595276,1.5623646974563599
1,1069,0.564870297908783,0.22028350830078125,0.5476409196853638
1,1079,1.5689328908920288,0.9512180089950562,1.538047194480896
1,1089,0.5118101239204407,0.2049478143453598,0.4964669942855835
1,1099,0.7700726389884949,0.6103675961494446,0.762087345123291
1,1109,0.31827622652053833,0.3470924496650696,0.31971704959869385
1,1119,0.190916508436203,0.12847520411014557,0.18779443204402924
1,1129,0.5279321670532227,0.5732024908065796,0.5301956534385681
1,1139,0.26432761549949646,0.24892044067382812,0.2635572552680969
1,1149,0.4227723479270935,0.3210941553115845,0.4176884591579437
1,1159,0.28582581877708435,0.09134967625141144,0.2761020064353943
1,1169,0.8022499084472656,0.34928545355796814,0.7796016931533813
1,1179,0.8595876097679138,0.575304388999939,0.8453733921051025
1,1189,0.4247438609600067,0.21416985988616943,0.4142151474952698
1,1199,0.8551347255706787,0.47394004464149475,0.8360750079154968
1,1209,0.43940022587776184,0.27769458293914795,0.43131494522094727
1,1219,0.4822540581226349,0.3963444232940674,0.4779585897922516
1,1229,0.2638794183731079,0.11183469742536545,0.2562771737575531
1,1239,0.2575475573539734,0.2461918592453003,0.256979763507843
1,1249,0.5539119839668274,0.47194722294807434,0.5498137474060059
1,1259,0.18445642292499542,0.10170906782150269,0.18031905591487885
1,1269,0.39577963948249817,0.15597936511039734,0.38378962874412537
1,1279,0.7843818664550781,0.1919315755367279,0.7547593712806702
1,1289,0.2912401556968689,0.1656385064125061,0.2849600613117218
1,1299,0.3611604869365692,0.1331579089164734,0.34976035356521606
1,1309,0.4661130905151367,0.3945843279361725,0.46253666281700134
1,1319,0.25292304158210754,0.19816124439239502,0.25018495321273804
1,1329,0.42760008573532104,0.1447497010231018,0.41345757246017456
1,1339,0.763694167137146,0.16771981120109558,0.733895480632782
1,1349,0.31305840611457825,0.14357787370681763,0.3045843839645386
1,1359,0.41693419218063354,0.3235560953617096,0.41226527094841003
1,1369,0.43067649006843567,0.09661950170993805,0.4139736592769623
1,1379,0.5000332593917847,0.3590714633464813,0.49298515915870667
1,1389,1.2662566900253296,0.4231761693954468,1.2241026163101196
1,1399,1.0491654872894287,0.7210111618041992,1.0327577590942383
1,1409,0.30428609251976013,0.2034132033586502,0.29924246668815613
1,1419,0.37052983045578003,0.2003868818283081,0.36202266812324524
1,1429,0.5923720598220825,0.5289817452430725,0.5892025232315063
1,1439,0.22244694828987122,0.1717001348733902,0.21990960836410522
1,1449,0.9705994725227356,0.2890852689743042,0.9365237355232239
1,1459,1.5921244621276855,0.3040393590927124,1.5277200937271118
1,1469,0.4125216603279114,0.09006401896476746,0.39639875292778015
1,1479,0.240791454911232,0.2596029043197632,0.24173203110694885
1,1489,0.23297591507434845,0.10877151042222977,0.2267656922340393
1,1499,0.7650124430656433,0.16306892037391663,0.7349152565002441
1,1509,0.7007598280906677,0.26728978753089905,0.6790863275527954
1,1519,0.8952173590660095,0.30508145689964294,0.8657105565071106
1,1529,0.20753619074821472,0.11633776873350143,0.2029762715101242
1,1539,0.47549134492874146,0.2238370180130005,0.46290862560272217
1,1549,0.5563228726387024,0.3159860074520111,0.5443059802055359
1,1559,0.20264104008674622,0.1086539775133133,0.19794167578220367
1,1569,0.3576290011405945,0.21394336223602295,0.3504447042942047
1,1579,0.20028001070022583,0.12064556777477264,0.196298286318779
1,1589,0.3033672571182251,0.11317095160484314,0.2938574254512787
1,1599,0.18662449717521667,0.110354945063591,0.18281102180480957
1,1609,0.8512454032897949,0.33282196521759033,0.8253241777420044
1,1619,0.6046820878982544,0.6238399744033813,0.6056399941444397
1,1629,0.4054970443248749,0.4671919345855713,0.40858179330825806
1,1639,0.24051815271377563,0.12306714057922363,0.23464560508728027
1,1649,0.42552950978279114,0.33511680364608765,0.4210088849067688
1,1659,0.6938691735267639,0.3407486081123352,0.6762131452560425
1,1669,0.28423428535461426,0.29359862208366394,0.28470250964164734
1,1679,0.36822709441185,0.28270095586776733,0.36395078897476196
1,1689,0.35602205991744995,0.1735856831073761,0.34690022468566895
1,1699,0.3802430331707001,0.20831230282783508,0.3716464936733246
1,1709,0.5024335384368896,0.30130892992019653,0.49237728118896484
1,1719,0.6112390756607056,0.2730293273925781,0.5943285822868347
1,1729,0.6138393878936768,0.6088160276412964,0.6135882139205933
1,1739,0.6401762366294861,0.48122867941856384,0.6322288513183594
1,1749,0.48852142691612244,0.6974198222160339,0.4989663362503052
1,1759,0.29127219319343567,0.13766635954380035,0.2835918962955475
1,1769,0.3127254843711853,0.1450110822916031,0.30433976650238037
1,1779,0.22640909254550934,0.1975899636745453,0.22496813535690308
1,1789,0.3173852562904358,0.18201039731502533,0.31061652302742004
1,1799,0.175160214304924,0.1273159384727478,0.1727679967880249
1,1809,0.19586986303329468,0.09149117767810822,0.19065092504024506
1,1819,0.3646010458469391,0.48857390880584717,0.3707996904850006
1,1829,0.6328465342521667,0.7291030287742615,0.6376593708992004
1,1839,0.18397130072116852,0.10213376581668854,0.17987942695617676
1,1849,0.28125566244125366,0.16419486701488495,0.27540260553359985
1,1859,0.2673645317554474,0.1800813227891922,0.26300036907196045
1,1869,0.4734783172607422,0.3846437335014343,0.4690365791320801
1,1879,0.23157192766666412,0.22284235060214996,0.23113544285297394
1,1889,0.2401740849018097,0.08981797099113464,0.23265627026557922
1,1899,0.47803136706352234,0.18051457405090332,0.46315550804138184
1,1909,0.5070986151695251,0.4141143262386322,0.5024493932723999
1,1919,0.18760226666927338,0.15641191601753235,0.18604274094104767
1,1929,0.23174725472927094,0.1482093632221222,0.22757035493850708
1,1939,1.0748372077941895,0.5950572490692139,1.050848126411438
1,1949,0.32725250720977783,0.2225542515516281,0.3220175802707672
1,1959,0.16941960155963898,0.09931167960166931,0.16591420769691467
1,1969,0.42629575729370117,0.18686288595199585,0.4143241047859192
1,1979,0.4347820281982422,0.07850176841020584,0.4169680178165436
1,1989,0.2799307703971863,0.21045511960983276,0.2764569818973541
1,1999,0.2917044758796692,0.12750473618507385,0.2834944725036621
1,2009,0.23408101499080658,0.0970715582370758,0.22723053395748138
1,2019,0.21402563154697418,0.08992946147918701,0.2078208178281784
1,2029,0.24086378514766693,0.267874538898468,0.24221432209014893
1,2039,1.1281658411026,0.1536051630973816,1.0794378519058228
1,2049,0.2762857973575592,0.0987362489104271,0.2674083113670349
1,2059,0.4528695046901703,0.41607603430747986,0.45102983713150024
1,2069,0.8699240684509277,0.9823514223098755,0.8755454421043396
1,2079,0.27275389432907104,0.28612855076789856,0.27342262864112854
1,2089,0.8784845471382141,0.3055661916732788,0.8498386144638062
1,2099,0.8316794037818909,0.9260789155960083,0.8363993763923645
1,2109,0.2614702582359314,0.27718421816825867,0.2622559368610382
1,2119,0.24876542389392853,0.18083103001117706,0.24536870419979095
1,2129,0.6290783882141113,0.1562637984752655,0.605437695980072
1,2139,0.6073065996170044,0.7903909683227539,0.6164608001708984
1,2149,0.5541155338287354,0.31971293687820435,0.5423954129219055
1,2159,0.5481019020080566,0.29557400941848755,0.535475492477417
1,2169,0.3732464015483856,0.3360940217971802,0.3713887631893158
1,2179,0.5992252230644226,0.16639403998851776,0.5775836110115051
1,2189,0.6453700065612793,0.2845844328403473,0.6273307204246521
1,2199,0.39187055826187134,0.3178817331790924,0.38817110657691956
1,2209,0.45071250200271606,0.19493800401687622,0.437923789024353
1,2219,0.21249166131019592,0.08120919018983841,0.2059275358915329
1,2229,0.24938936531543732,0.0819498747587204,0.2410173863172531
1,2239,0.6706724166870117,0.3044235110282898,0.6523599624633789
1,2249,0.3490840792655945,0.28493019938468933,0.34587639570236206
1,2259,0.8716138005256653,0.631355881690979,0.8596009016036987
1,2269,0.3595758378505707,0.10231344401836395,0.34671270847320557
1,2279,0.42413997650146484,0.4019293189048767,0.42302942276000977
1,2289,0.34165480732917786,0.159947007894516,0.332569420337677
1,2299,0.4591597318649292,0.5353361368179321,0.4629685580730438
1,2309,0.21408605575561523,0.14601068198680878,0.21068228781223297
1,2319,0.7874293923377991,0.2947206497192383,0.7627939581871033
1,2329,0.3442385494709015,0.2903682291507721,0.3415450155735016
1,2339,0.4083346128463745,0.2513280212879181,0.40048426389694214
1,2349,0.21550734341144562,0.24714666604995728,0.21708931028842926
1,2359,0.2939143180847168,0.29682275652885437,0.29405972361564636
1,2369,0.2881060838699341,0.10286354273557663,0.2788439393043518
1,2379,0.20253069698810577,0.11462292075157166,0.19813531637191772
1,2389,0.28795433044433594,0.20332340896129608,0.28372278809547424
1,2399,0.3090541958808899,0.18244552612304688,0.30272376537323
1,2409,0.4377344846725464,0.30109408497810364,0.4309024512767792
1,2419,0.25740599632263184,0.09051299095153809,0.24906134605407715
1,2429,0.516001284122467,0.5079667568206787,0.5155995488166809
1,2439,0.3389100432395935,0.23391197621822357,0.3336601257324219
1,2449,0.3732526898384094,0.2586503326892853,0.36752256751060486
1,2459,0.3214758038520813,0.27847981452941895,0.3193260133266449
1,2469,0.44165679812431335,0.5961938500404358,0.4493836462497711
1,2479,0.2684406042098999,0.1546878218650818,0.2627529501914978
1,2489,0.23830336332321167,0.09363259375095367,0.23106981813907623
1,2499,0.3590758740901947,0.3974255919456482,0.3609933853149414
1,2509,0.3334800899028778,0.21742233633995056,0.3276771903038025
1,2519,0.2881743609905243,0.21115970611572266,0.28432363271713257
1,2529,0.32219699025154114,0.1973220705986023,0.31595325469970703
1,2539,0.18135006725788116,0.07762552052736282,0.17616383731365204
1,2549,0.3577519655227661,0.10289891064167023,0.34500932693481445
1,2559,0.5744454860687256,0.521068811416626,0.5717766284942627
1,2569,0.3998837172985077,0.33609163761138916,0.3966940939426422
1,2579,0.14547815918922424,0.08598502725362778,0.1425034999847412
1,2589,0.28691792488098145,0.11023933440446854,0.2780839800834656
1,2599,0.6264727115631104,0.2650531232357025,0.6084017157554626
1,2609,0.16785340011119843,0.09371577203273773,0.1641465127468109
1,2619,1.105579137802124,0.12872271239757538,1.0567362308502197
1,2629,0.29414355754852295,0.23713535070419312,0.2912931442260742
1,2639,0.34825506806373596,0.37558016180992126,0.34962132573127747
1,2649,0.3678121566772461,0.3646491467952728,0.3676539957523346
1,2659,0.13787488639354706,0.10243453085422516,0.13610287010669708
1,2669,0.46650275588035583,0.42150115966796875,0.46425268054008484
1,2679,0.539849042892456,0.6177384853363037,0.5437435507774353
1,2689,0.2860914468765259,0.13783781230449677,0.2786787450313568
1,2699,0.1519218385219574,0.09383611381053925,0.1490175575017929
1,2709,0.5978392958641052,0.6029996871948242,0.5980973243713379
1,2719,0.3073109984397888,0.2549363374710083,0.30469226837158203
1,2729,0.19989554584026337,0.08559014648199081,0.19418027997016907
1,2739,0.26232320070266724,0.2229493260383606,0.26035448908805847
1,2749,0.30273959040641785,0.36643826961517334,0.30592450499534607
1,2759,0.18844178318977356,0.08570969104766846,0.18330517411231995
1,2769,0.2490593045949936,0.34436145424842834,0.2538244128227234
1,2779,0.5823550224304199,0.6757246255874634,0.5870234966278076
1,2789,0.22428898513317108,0.2542210817337036,0.22578558325767517
1,2799,0.38723793625831604,0.12320780754089355,0.37403640151023865
1,2809,0.47207704186439514,0.27792888879776,0.4623696208000183
1,2819,0.1490456908941269,0.1152576357126236,0.1473562866449356
1,2829,0.15177591145038605,0.1327117532491684,0.1508226990699768
1,2839,0.5519492626190186,0.4092300534248352,0.5448132753372192
1,2849,0.33007195591926575,0.22662755846977234,0.32489973306655884
1,2859,0.9417033791542053,0.5604479312896729,0.9226406216621399
1,2869,0.4388745427131653,0.3550872206687927,0.4346851706504822
1,2879,0.9601372480392456,0.508544921875,0.937557578086853
1,2889,0.6306201815605164,0.4466545581817627,0.6214218735694885
1,2899,0.37039080262184143,0.1745057851076126,0.36059653759002686
1,2909,0.2912483215332031,0.21931540966033936,0.2876516580581665
1,2919,0.5945641398429871,0.2927536964416504,0.579473614692688
1,2929,0.5311039090156555,0.46290159225463867,0.5276938080787659
1,2939,0.16081087291240692,0.11031143367290497,0.15828590095043182
1,2949,0.29736217856407166,0.29864752292633057,0.2974264323711395
1,2959,0.30203860998153687,0.12791892886161804,0.29333260655403137
1,2969,0.15298718214035034,0.09526937454938889,0.15010128915309906
1,2979,0.5324823260307312,0.1492944061756134,0.5133228898048401
1,2989,0.2586298882961273,0.0758897215127945,0.24949288368225098
1,2999,0.4017065763473511,0.16263967752456665,0.38975322246551514
1,3009,0.5834593772888184,0.17544053494930267,0.5630584359169006
1,3019,0.8920889496803284,0.24832724034786224,0.8599008321762085
1,3029,0.8675552010536194,0.4162738025188446,0.844991147518158
1,3039,0.3060030937194824,0.07918403297662735,0.29466214776039124
1,3049,1.1590173244476318,0.3635892868041992,1.1192458868026733
1,3059,0.18861135840415955,0.10666979104280472,0.18451426923274994
1,3069,0.6253370046615601,0.6344931125640869,0.6257947683334351
1,3079,0.597037136554718,0.6277102828025818,0.5985708236694336
1,3089,0.20484086871147156,0.12220180779695511,0.20070891082286835
1,3099,0.43167242407798767,0.12993067502975464,0.4165853261947632
1,3109,0.13837341964244843,0.08252822607755661,0.13558116555213928
1,3119,0.470365434885025,0.4486813545227051,0.46928122639656067
1,3129,0.1567806452512741,0.130276620388031,0.15545544028282166
1,3139,0.6824958920478821,0.35628175735473633,0.666185200214386
1,3149,0.22861167788505554,0.13450543582439423,0.22390635311603546
1,3159,0.2544790506362915,0.08287791907787323,0.2458989918231964
1,3169,0.9860286116600037,0.18904519081115723,0.9461794495582581
1,3179,0.2751300632953644,0.17074598371982574,0.2699108421802521
1,3189,0.19401420652866364,0.09768909215927124,0.18919794261455536
1,3199,0.5552448034286499,0.5779398083686829,0.5563795566558838
1,3209,0.3850877285003662,0.1866605430841446,0.3751663565635681
1,3219,0.14670930802822113,0.07477123290300369,0.1431124061346054
1,3229,0.2686805725097656,0.20490173995494843,0.26549163460731506
1,3239,0.32143598794937134,0.11082237958908081,0.3109053075313568
1,3249,0.569023609161377,0.45489394664764404,0.5633171200752258
1,3259,0.29322898387908936,0.28347086906433105,0.292741060256958
1,3269,0.3176620304584503,0.4730241000652313,0.32543012499809265
1,3279,0.3183706998825073,0.10868452489376068,0.30788636207580566
1,3289,0.2476579248905182,0.2757537364959717,0.24906271696090698
1,3299,0.1740770787000656,0.0708375871181488,0.16891509294509888
1,3309,0.4605795443058014,0.3267372250556946,0.4538874328136444
1,3319,0.30508965253829956,0.2537945508956909,0.3025248944759369
1,3329,0.4494422376155853,0.3179231286048889,0.4428662657737732
1,3339,0.3781811594963074,0.5764491558074951,0.38809454441070557
1,3349,0.37869754433631897,0.1788417398929596,0.36870476603507996
1,3359,0.4024728834629059,0.310474693775177,0.3978729546070099
1,3369,0.17828479409217834,0.0708460584282875,0.1729128509759903
1,3379,0.33280274271965027,0.30873921513557434,0.33159956336021423
1,3389,0.2586027979850769,0.24078132212162018,0.2577117383480072
1,3399,0.25540417432785034,0.11425168812274933,0.24834655225276947
1,3409,0.3589765131473541,0.39515063166618347,0.36078521609306335
1,3419,0.24671253561973572,0.12779682874679565,0.2407667487859726
1,3429,0.17932309210300446,0.1446765810251236,0.1775907576084137
1,3439,0.13960643112659454,0.10875725001096725,0.1380639672279358
1,3449,0.22433987259864807,0.24696753919124603,0.22547125816345215
1,3459,0.26729556918144226,0.1468331217765808,0.2612724304199219
1,3469,0.13659553229808807,0.09769736230373383,0.13465061783790588
1,3479,0.4363085627555847,0.31358957290649414,0.4301726222038269
1,3489,0.7820666432380676,0.1873229593038559,0.7523294687271118
1,3499,0.4907704293727875,0.32117360830307007,0.4822905957698822
1,3509,0.30861228704452515,0.07952506840229034,0.2971579134464264
1,3519,0.8579063415527344,0.40077054500579834,0.835049569606781
1,3529,0.6472299695014954,0.52561354637146,0.6411491632461548
1,3539,0.29841873049736023,0.31080538034439087,0.2990380525588989
1,3549,0.30618563294410706,0.335199773311615,0.3076363503932953
1,3559,0.35169169306755066,0.16134533286094666,0.34217438101768494
1,3569,0.2889626622200012,0.2516430914402008,0.28709667921066284
1,3579,0.19788940250873566,0.12676094472408295,0.19433297216892242
1,3589,0.46481263637542725,0.5692782998085022,0.4700359106063843
1,3599,0.39802253246307373,0.4003598392009735,0.3981393873691559
1,3609,0.3959817588329315,0.14193888008594513,0.38327962160110474
1,3619,0.14879587292671204,0.08165499567985535,0.14543883502483368
1,3629,0.5148012638092041,0.2742392122745514,0.5027731657028198
1,3639,0.5158703327178955,0.5910401940345764,0.5196288228034973
1,3649,1.1328927278518677,0.07040739804506302,1.079768419265747
1,3659,0.321556955575943,0.13424241542816162,0.3121912181377411
1,3669,0.35458165407180786,0.32768967747688293,0.3532370626926422
1,3679,0.5261055827140808,0.2789747416973114,0.5137490034103394
1,3689,0.26490944623947144,0.1643878072500229,0.2598833739757538
1,3699,0.38209259510040283,0.21670757234096527,0.373823344707489
1,3709,0.17680230736732483,0.08537932485342026,0.17223115265369415
1,3719,0.2072599232196808,0.219223290681839,0.20785808563232422
1,3729,0.32052454352378845,0.18406811356544495,0.31370171904563904
1,3739,0.3450334668159485,0.2538916766643524,0.340476393699646
1,3749,1.0160276889801025,0.4392712414264679,0.9871898293495178
1,3759,0.41003021597862244,0.2610167860984802,0.40257954597473145
1,3769,0.9103763699531555,0.20787832140922546,0.8752514719963074
1,3779,0.4311770796775818,0.15921267867088318,0.41757887601852417
1,3789,1.6704018115997314,0.2650221884250641,1.6001328229904175
1,3799,0.721219003200531,0.2226032167673111,0.6962882280349731
1,3809,0.647892415523529,0.3712254762649536,0.6340590715408325
1,3819,0.9336405396461487,0.4464285373687744,0.9092798829078674
1,3829,0.15052856504917145,0.09140370786190033,0.147572323679924
1,3839,0.2851221263408661,0.1907445192337036,0.2804032266139984
1,3849,0.32081669569015503,0.3227528929710388,0.32091349363327026
1,3859,0.5106587409973145,0.27790340781211853,0.4990209937095642
2,9,0.33224600553512573,0.16712594032287598,0.32399001717567444
2,19,0.3696831166744232,0.2060714215040207,0.3615025281906128
2,29,0.27805107831954956,0.17526492476463318,0.27291178703308105
2,39,0.27955761551856995,0.15582773089408875,0.2733711302280426
2,49,0.45594874024391174,0.16180181503295898,0.44124138355255127
2,59,0.4748411774635315,0.2829822897911072,0.4652482271194458
2,69,0.3538510203361511,0.3396081030368805,0.35313886404037476
2,79,0.25126683712005615,0.11534783989191055,0.24447087943553925
2,89,0.801013708114624,0.4124717116355896,0.7815865874290466
2,99,1.2472200393676758,0.8497143983840942,1.2273447513580322
2,109,0.12328530102968216,0.11399778723716736,0.12282092124223709
2,119,0.21437795460224152,0.09530434012413025,0.20842427015304565
2,129,0.293079674243927,0.3850035071372986,0.29767587780952454
2,139,0.6093618869781494,0.4097999632358551,0.5993837714195251
2,149,0.7578709125518799,0.179979145526886,0.728976309299469
2,159,0.129050150513649,0.05810921639204025,0.12550310790538788
2,169,0.40343019366264343,0.3268261253833771,0.39959996938705444
2,179,0.11526260524988174,0.06562548130750656,0.11278074979782104
2,189,0.9100290536880493,0.6847372055053711,0.898764431476593
2,199,0.39103737473487854,0.11024142801761627,0.37699756026268005
2,209,0.25101470947265625,0.14299876987934113,0.24561390280723572
2,219,0.4790608286857605,0.35107776522636414,0.47266167402267456
2,229,1.155869483947754,0.12014826387166977,1.1040834188461304
2,239,0.8025404810905457,0.6451290845870972,0.7946698665618896
2,249,0.1525830328464508,0.08473597466945648,0.14919067919254303
2,259,0.35991162061691284,0.22820493578910828,0.3533262610435486
2,269,0.19799549877643585,0.07365207374095917,0.19177831709384918
2,279,0.2347152829170227,0.13594865798950195,0.22977694869041443
2,289,0.4833860695362091,0.8472349643707275,0.5015785098075867
2,299,0.3659099042415619,0.18941637873649597,0.3570852279663086
2,309,0.19075003266334534,0.07453632354736328,0.18493933975696564
2,319,0.13450753688812256,0.11569854617118835,0.13356707990169525
2,329,0.27404215931892395,0.26084470748901367,0.2733822762966156
2,339,0.13897916674613953,0.10831651091575623,0.13744603097438812
2,349,0.18552322685718536,0.09259964525699615,0.18087704479694366
2,359,0.21628807485103607,0.13919559121131897,0.21243344247341156
2,369,0.2050439864397049,0.11117957532405853,0.20035076141357422
2,379,0.38852259516716003,0.4189096689224243,0.39004194736480713
2,389,0.35546404123306274,0.17374706268310547,0.3463781774044037
2,399,0.3368251919746399,0.3434269428253174,0.337155282497406
2,409,0.25574180483818054,0.2380446195602417,0.2548569440841675
2,419,0.48235470056533813,0.39221444725990295,0.477847695350647
2,429,0.2276633083820343,0.14313814043998718,0.22343705594539642
2,439,0.5286444425582886,0.5298848152160645,0.5287064909934998
2,449,0.40033596754074097,0.43775439262390137,0.4022068977355957
2,459,0.2066311538219452,0.09637333452701569,0.20111826062202454
2,469,0.3230747580528259,0.33674079179763794,0.3237580358982086
2,479,0.4413958191871643,0.6659523248672485,0.4526236653327942
2,489,0.3900758624076843,0.3083620071411133,0.385990172624588
2,499,1.085943341255188,0.770952582359314,1.0701937675476074
2,509,0.2583144009113312,0.19132304191589355,0.25496482849121094
2,519,0.5161500573158264,0.7089638710021973,0.5257907509803772
2,529,0.5255831480026245,0.28873494267463684,0.5137407183647156
2,539,0.2537044286727905,0.15584827959537506,0.24881161749362946
2,549,0.3844875991344452,0.4209418296813965,0.38631030917167664
2,559,0.5761821866035461,0.9444286823272705,0.5945944786071777
2,569,0.3084118962287903,0.3508134186267853,0.31053197383880615
2,579,0.21132341027259827,0.06317391246557236,0.20391592383384705
2,589,1.4062719345092773,0.34441784024238586,1.3531792163848877
2,599,0.43960848450660706,0.32605257630348206,0.4339306652545929
2,609,0.12689711153507233,0.07714862376451492,0.12440969049930573
2,619,0.5912179350852966,0.2507580816745758,0.5741949081420898
2,629,0.6503673195838928,0.2863263487815857,0.632165253162384
2,639,0.246363565325737,0.1927444338798523,0.2436826080083847
2,649,0.2528647780418396,0.2523898482322693,0.2528410255908966
2,659,0.2233622819185257,0.16466373205184937,0.22042734920978546
2,669,0.2944968044757843,0.3514420688152313,0.29734405875205994
2,679,0.12513764202594757,0.12742307782173157,0.125251904129982
2,689,0.20615966618061066,0.18928225338459015,0.20531579852104187
2,699,0.2348865270614624,0.2551695704460144,0.2359006702899933
2,709,0.42302390933036804,0.43128734827041626,0.42343705892562866
2,719,0.46151450276374817,0.14999929070472717,0.44593873620033264
2,729,1.0757708549499512,0.3697720766067505,1.0404709577560425
2,739,0.1854638159275055,0.12188968062400818,0.1822851151227951
2,749,0.390756756067276,0.25039350986480713,0.38373860716819763
2,759,0.5256150960922241,0.14137402176856995,0.5064030289649963
2,769,0.4582107961177826,0.2346228063106537,0.4470314085483551
2,779,0.8009299635887146,0.13303840160369873,0.767535388469696
2,789,0.6393955945968628,0.1710229068994522,0.6159769296646118
2,799,0.19408337771892548,0.12359099090099335,0.1905587613582611
2,809,0.3385634124279022,0.22700509428977966,0.3329854905605316
2,819,0.30472156405448914,0.10143108665943146,0.29455703496932983
2,829,0.7373608350753784,0.2339872121810913,0.712192177772522
2,839,0.5064982175827026,0.23394890129566193,0.4928707480430603
2,849,0.42515066266059875,0.24962815642356873,0.416374534368515
2,859,0.26868656277656555,0.09199213236570358,0.2598518431186676
2,869,0.23566508293151855,0.25091156363487244,0.2364273965358734
2,879,0.1394341140985489,0.07821165025234222,0.13637299835681915
2,889,0.3112659752368927,0.1032271683216095,0.30086401104927063
2,899,0.550447940826416,0.2397976517677307,0.5349154472351074
2,909,0.32211795449256897,0.3432024121284485,0.3231721818447113
2,919,0.6951555609703064,0.21267464756965637,0.6710314750671387
2,929,0.13500520586967468,0.10024293512105942,0.1332670897245407
2,939,1.0700139999389648,0.3492622673511505,1.0339763164520264
2,949,0.22444027662277222,0.16131451725959778,0.22128398716449738
2,959,0.20346547663211823,0.1968601942062378,0.20313520729541779
2,969,0.4129812717437744,0.5755395889282227,0.4211091697216034
2,979,0.4822324216365814,0.4609524607658386,0.4811684191226959
2,989,0.14229176938533783,0.08351840823888779,0.13935309648513794
2,999,0.1922866404056549,0.059178195893764496,0.18563121557235718
2,1009,0.4509444236755371,0.2545640766620636,0.44112542271614075
2,1019,0.26366743445396423,0.250112384557724,0.26298967003822327
2,1029,0.5735906362533569,0.6318809390068054,0.5765051245689392
2,1039,0.41117364168167114,0.3570665717124939,0.4084682762622833
2,1049,0.14163242280483246,0.13253092765808105,0.14117734134197235
2,1059,0.29187679290771484,0.19791555404663086,0.28717872500419617
2,1069,0.36681294441223145,0.13385455310344696,0.355165034532547
2,1079,0.30487650632858276,0.2967010736465454,0.30446773767471313
2,1089,0.6099331974983215,0.1642320156097412,0.5876481533050537
2,1099,0.3319845199584961,0.40859878063201904,0.3358152210712433
2,1109,0.276831716299057,0.21205739676952362,0.2735929787158966
2,1119,0.688554584980011,0.7136629223823547,0.6898099780082703
2,1129,0.15433844923973083,0.08663848787546158,0.15095345675945282
2,1139,0.5663980841636658,0.3551694452762604,0.5558366775512695
2,1149,0.4036570191383362,0.5182398557662964,0.40938615798950195
2,1159,0.22455167770385742,0.10659017413854599,0.2186535894870758
2,1169,0.9664278030395508,0.25048351287841797,0.9306305646896362
2,1179,0.4052511155605316,0.3725457191467285,0.4036158323287964
2,1189,0.3772289752960205,0.42182815074920654,0.3794589340686798
2,1199,0.23734430968761444,0.22441107034683228,0.23669764399528503
2,1209,0.23380914330482483,0.10590127855539322,0.22741375863552094
2,1219,0.3042243719100952,0.2450859695672989,0.30126744508743286
2,1229,0.2649621367454529,0.0854841098189354,0.2559882402420044
2,1239,0.1788826286792755,0.08859042078256607,0.1743680089712143
2,1249,0.7095242142677307,0.315578818321228,0.6898269653320312
2,1259,0.33847495913505554,0.11599481105804443,0.3273509442806244
2,1269,0.41621270775794983,0.33332759141921997,0.4120684564113617
2,1279,0.2469804883003235,0.2559603750705719,0.2474294900894165
2,1289,0.19406573474407196,0.13131433725357056,0.1909281611442566
2,1299,0.24704593420028687,0.1177198737859726,0.24057962000370026
2,1309,0.22211654484272003,0.13337579369544983,0.21767950057983398
2,1319,0.40427806973457336,0.17528924345970154,0.39282864332199097
2,1329,0.41549190878868103,0.507258415222168,0.4200802147388458
2,1339,0.6284928321838379,0.4852091670036316,0.6213286519050598
2,1349,0.18936102092266083,0.08402904123067856,0.18409442901611328
2,1359,0.12218458950519562,0.08860636502504349,0.1205056756734848
2,1369,0.3986155092716217,0.23862852156162262,0.39061614871025085
2,1379,0.19976656138896942,0.10082204639911652,0.19481933116912842
2,1389,0.18746668100357056,0.09162213653326035,0.18267445266246796
2,1399,0.1801477074623108,0.15174315869808197,0.17872747778892517
2,1409,0.12885378301143646,0.08456018567085266,0.12663909792900085
2,1419,0.21129615604877472,0.10144253075122833,0.20580348372459412
2,1429,0.44135263562202454,0.27515196800231934,0.43304258584976196
2,1439,0.14825846254825592,0.06931260228157043,0.14431115984916687
2,1449,0.30239731073379517,0.37328553199768066,0.30594170093536377
2,1459,0.19494204223155975,0.21536192297935486,0.1959630399942398
2,1469,0.19231772422790527,0.09095071256160736,0.18724937736988068
2,1479,0.4943270981311798,0.27368107438087463,0.483294814825058
2,1489,0.32998961210250854,0.379122257232666,0.33244624733924866
2,1499,0.6731241941452026,0.5795598030090332,0.6684459447860718
2,1509,0.33457279205322266,0.12202506512403488,0.32394540309906006
2,1519,0.6230942010879517,0.485518217086792,0.6162154078483582
2,1529,0.20957057178020477,0.12969990074634552,0.2055770456790924
2,1539,0.27741533517837524,0.23210111260414124,0.2751496136188507
2,1549,0.11500705778598785,0.07008703798055649,0.11276105791330338
2,1559,0.3381477892398834,0.4859331250190735,0.34553706645965576
2,1569,0.2278505265712738,0.1932733952999115,0.2261216640472412
2,1579,0.5577868223190308,0.40860211849212646,0.5503275394439697
2,1589,0.2584874927997589,0.10074252635240555,0.25060024857521057
2,1599,0.6470464468002319,0.4085618257522583,0.6351221799850464
2,1609,0.31760329008102417,0.11109316349029541,0.30727776885032654
2,1619,0.3337754011154175,0.19328588247299194,0.3267509341239929
2,1629,0.9219338893890381,1.0801583528518677,0.9298450946807861
2,1639,0.18466337025165558,0.16756102442741394,0.18380823731422424
2,1649,0.20338602364063263,0.08310028910636902,0.1973717361688614
2,1659,0.2928858995437622,0.21597601473331451,0.2890404164791107
2,1669,0.368619829416275,0.08235859870910645,0.35430675745010376
2,1679,0.2522726356983185,0.15600168704986572,0.24745908379554749
2,1689,0.33007821440696716,0.25340187549591064,0.32624441385269165
2,1699,0.4250331223011017,0.4860590100288391,0.42808443307876587
2,1709,0.22430583834648132,0.1491531878709793,0.22054819762706757
2,1719,0.3612847626209259,0.21858856081962585,0.3541499674320221
2,1729,0.3473036289215088,0.2697216272354126,0.343424528837204
2,1739,0.2607463300228119,0.20575609803199768,0.2579967975616455
2,1749,0.8422737717628479,0.5562499761581421,0.8279725313186646
2,1759,0.21352893114089966,0.1410841941833496,0.2099066972732544
2,1769,0.7222303748130798,0.08527389913797379,0.6903825402259827
2,1779,1.5874091386795044,0.4000750482082367,1.5280424356460571
2,1789,0.6820321679115295,0.4419206976890564,0.6700266003608704
2,1799,0.9324239492416382,0.2335072159767151,0.8974781036376953
2,1809,0.38423386216163635,0.29181674122810364,0.3796129822731018
2,1819,0.5715258717536926,0.3141496777534485,0.5586570501327515
2,1829,0.7711809277534485,0.23520058393478394,0.7443819046020508
2,1839,0.2926957309246063,0.09195490181446075,0.2826586961746216
2,1849,0.9020428657531738,0.3556795120239258,0.8747246861457825
2,1859,0.5596769452095032,0.2040134221315384,0.5418937802314758
2,1869,0.7305076718330383,0.17208066582679749,0.7025863528251648
2,1879,0.3940221071243286,0.1575862020254135,0.38220030069351196
2,1889,0.34908244013786316,0.11008533835411072,0.33713260293006897
2,1899,0.35023072361946106,0.37754446268081665,0.3515964150428772
2,1909,0.7116753458976746,0.3105396330356598,0.6916185617446899
2,1919,0.2969382405281067,0.07181574404239655,0.2856821119785309
2,1929,0.41925740242004395,0.642312228679657,0.43041014671325684
2,1939,0.31503409147262573,0.30957621335983276,0.3147611916065216
2,1949,0.18261602520942688,0.07066977024078369,0.17701870203018188
2,1959,0.18835753202438354,0.14564910531044006,0.186222106218338
2,1969,0.6255096197128296,0.40410250425338745,0.6144392490386963
2,1979,0.3436928987503052,0.3933192491531372,0.3461742103099823
2,1989,0.4432143270969391,0.33792316913604736,0.4379497766494751
2,1999,0.14343737065792084,0.0693335235118866,0.13973218202590942
2,2009,0.12968352437019348,0.10379382967948914,0.12838903069496155
2,2019,0.2569330632686615,0.23725855350494385,0.25594931840896606
2,2029,0.1392347663640976,0.09226849675178528,0.13688646256923676
2,2039,0.555376410484314,0.2747960090637207,0.5413473844528198
2,2049,0.14774595201015472,0.07303109765052795,0.14401021599769592
2,2059,0.22528076171875,0.12057369947433472,0.22004540264606476
2,2069,1.006782054901123,0.3017931878566742,0.9715325832366943
2,2079,0.14636555314064026,0.06745870411396027,0.1424202173948288
2,2089,0.14370980858802795,0.1325920820236206,0.14315392076969147
2,2099,0.3581777513027191,0.3734988272190094,0.35894379019737244
2,2109,0.5930605530738831,0.36592215299606323,0.5817036628723145
2,2119,0.2195816934108734,0.24800126254558563,0.22100266814231873
2,2129,0.6091270446777344,1.05873703956604,0.6316075325012207
2,2139,0.4242982268333435,0.16499964892864227,0.411333292722702
2,2149,0.14832577109336853,0.13301682472229004,0.14756031334400177
2,2159,0.4180474281311035,0.5694999694824219,0.42562004923820496
2,2169,0.2156800776720047,0.10050266981124878,0.2099212110042572
2,2179,0.24982845783233643,0.26255369186401367,0.2504647374153137
2,2189,0.21859140694141388,0.1879500150680542,0.21705934405326843
2,2199,0.11425456404685974,0.061485856771469116,0.11161612719297409
2,2209,0.347371369600296,0.5536975264549255,0.35768765211105347
2,2219,0.14785484969615936,0.0990479588508606,0.14541450142860413
2,2229,0.4122408330440521,0.3133481740951538,0.40729618072509766
2,2239,0.17873515188694,0.12891116738319397,0.17624394595623016
2,2249,0.16437576711177826,0.08175326883792877,0.1602446287870407
2,2259,0.3611343801021576,0.35516220331192017,0.3608357608318329
2,2269,0.1588081419467926,0.09868678450584412,0.15580207109451294
2,2279,0.18988119065761566,0.09164737164974213,0.18496949970722198
2,2289,0.3050908148288727,0.30236756801605225,0.3049546480178833
2,2299,0.5109416842460632,0.39570826292037964,0.5051800012588501
2,2309,0.15066200494766235,0.14914043247699738,0.15058591961860657
2,2319,0.13943706452846527,0.11343301832675934,0.1381368637084961
2,2329,0.2606639862060547,0.38263440132141113,0.26676249504089355
2,2339,0.22545741498470306,0.08923175930976868,0.2186461240053177
2,2349,0.13688932359218597,0.0889074057340622,0.1344902366399765
2,2359,0.11617805808782578,0.07902711629867554,0.11432050913572311
2,2369,0.5820856690406799,0.353013813495636,0.5706320405006409
2,2379,0.38958942890167236,0.33529171347618103,0.3868745267391205
2,2389,0.18462978303432465,0.09375607967376709,0.18008609116077423
2,2399,0.2267913967370987,0.14863207936286926,0.2228834331035614
2,2409,0.4450855255126953,0.19261515140533447,0.43246200680732727
2,2419,0.282548725605011,0.13511915504932404,0.2751772403717041
2,2429,0.1703498214483261,0.058699484914541245,0.1647673100233078
2,2439,0.2582651972770691,0.14806318283081055,0.2527551054954529
2,2449,0.23285861313343048,0.33044326305389404,0.23773784935474396
2,2459,0.19893254339694977,0.08698557317256927,0.19333519041538239
2,2469,0.16816620528697968,0.08268798887729645,0.16389229893684387
2,2479,0.4068393409252167,0.5651231408119202,0.4147535264492035
2,2489,0.3267768621444702,0.08558795601129532,0.3147174119949341
2,2499,0.6923067569732666,0.3316859304904938,0.6742756962776184
2,2509,0.28636208176612854,0.13598887622356415,0.27884340286254883
2,2519,0.15917445719242096,0.11325328052043915,0.15687839686870575
2,2529,0.20391477644443512,0.07626647502183914,0.19753235578536987
2,2539,0.14995069801807404,0.09883449971675873,0.14739489555358887
2,2549,0.44939032196998596,0.6789441704750061,0.4608680009841919
2,2559,0.17018352448940277,0.1964125633239746,0.1714949756860733
2,2569,0.26430028676986694,0.1215573400259018,0.2571631371974945
2,2579,0.2904559373855591,0.10101562738418579,0.28098392486572266
2,2589,0.33941859006881714,0.48974695801734924,0.3469350039958954
2,2599,0.22444196045398712,0.09820757806301117,0.21813024580478668
2,2609,0.5025795102119446,0.3276642858982086,0.4938337206840515
2,2619,0.21678426861763,0.13764984905719757,0.21282754838466644
2,2629,0.21732480823993683,0.08342623710632324,0.2106298804283142
2,2639,0.214481383562088,0.1279527097940445,0.2101549506187439
2,2649,0.24153682589530945,0.2734629511833191,0.24313312768936157
2,2659,0.1112174242734909,0.07562530040740967,0.10943781584501266
2,2669,0.11119570583105087,0.06727322190999985,0.1089995801448822
2,2679,0.24325917661190033,0.10759618133306503,0.23647601902484894
2,2689,0.1523895263671875,0.15425227582454681,0.15248265862464905
2,2699,0.3628115653991699,0.4676806628704071,0.3680550158023834
2,2709,0.3022592067718506,0.18690206110477448,0.2964913547039032
2,2719,0.5756527185440063,0.2447572499513626,0.5591078996658325
2,2729,0.3590417802333832,0.3651312291622162,0.35934627056121826
2,2739,0.8409895896911621,0.28638139367103577,0.8132591843605042
2,2749,0.1742483228445053,0.19871129095554352,0.1754714697599411
2,2759,0.4585877060890198,0.11877690255641937,0.4415971636772156
2,2769,0.30482378602027893,0.08370310068130493,0.2937677502632141
2,2779,0.12432140856981277,0.08998821675777435,0.12260475009679794
2,2789,0.49487677216529846,0.3975890874862671,0.49001237750053406
2,2799,0.2835823893547058,0.1561015546321869,0.2772083580493927
2,2809,0.23276393115520477,0.16051462292671204,0.22915147244930267
2,2819,0.2738221287727356,0.1209639310836792,0.26617923378944397
2,2829,1.31834876537323,0.516043484210968,1.2782334089279175
2,2839,0.28731486201286316,0.14516271650791168,0.2802072763442993
2,2849,0.4566912055015564,0.29679903388023376,0.4486965835094452
2,2859,0.3524163067340851,0.5210446119308472,0.36084771156311035
2,2869,0.20548522472381592,0.1576562076807022,0.2030937671661377
2,2879,0.3028682470321655,0.36450546979904175,0.3059501051902771
2,2889,0.20204667747020721,0.2784734070301056,0.20586802065372467
2,2899,0.32213521003723145,0.11344237625598907,0.31170058250427246
2,2909,0.22522203624248505,0.11497625708580017,0.21970973908901215
2,2919,0.1256828010082245,0.12277358770370483,0.12553733587265015
2,2929,0.3096056282520294,0.26548582315444946,0.3073996305465698
2,2939,0.27243706583976746,0.22995951771736145,0.27031317353248596
2,2949,0.4900061786174774,0.2021927684545517,0.4756155014038086
2,2959,0.29678353667259216,0.2551204264163971,0.29470038414001465
2,2969,0.10433530062437057,0.07015542685985565,0.10262630134820938
2,2979,0.555947482585907,0.30011773109436035,0.5431559681892395
2,2989,0.20875254273414612,0.09344807267189026,0.20298732817173004
2,2999,0.15673816204071045,0.08115915954113007,0.1529592126607895
2,3009,0.18578152358531952,0.22727999091148376,0.18785645067691803
2,3019,0.27079686522483826,0.11691471934318542,0.2631027400493622
2,3029,0.4752437174320221,0.4606177508831024,0.47451239824295044
2,3039,0.559406578540802,0.3785402476787567,0.550363302230835
2,3049,0.2878436744213104,0.09319095313549042,0.2781110107898712
2,3059,0.5160942077636719,0.7798986434936523,0.5292844176292419
2,3069,0.21434569358825684,0.14481817185878754,0.21086931228637695
2,3079,0.17398574948310852,0.0865383967757225,0.16961339116096497
2,3089,0.2461475133895874,0.21175166964530945,0.24442772567272186
2,3099,0.4974514842033386,0.1731276661157608,0.4812352955341339
2,3109,0.29023492336273193,0.20155814290046692,0.2858010530471802
2,3119,0.16299936175346375,0.08389712125062943,0.15904425084590912
2,3129,0.37244558334350586,0.2832637131214142,0.3679865002632141
2,3139,0.7055739164352417,0.44677525758743286,0.6926339864730835
2,3149,0.21390560269355774,0.08042164146900177,0.20723140239715576
2,3159,0.2739719748497009,0.11183364689350128,0.2658650577068329
2,3169,0.38511815667152405,0.317066490650177,0.3817155659198761
2,3179,0.24507136642932892,0.18461908400058746,0.24204875528812408
2,3189,0.47483935952186584,0.3003324270248413,0.46611401438713074
2,3199,0.825636088848114,0.22935247421264648,0.7958219051361084
2,3209,0.2662499248981476,0.14277195930480957,0.26007604598999023
2,3219,0.1288824826478958,0.06822378188371658,0.12584954500198364
2,3229,0.31823810935020447,0.28251075744628906,0.3164517283439636
2,3239,0.41371604800224304,0.4275415539741516,0.41440731287002563
2,3249,0.3714044988155365,0.31488192081451416,0.36857837438583374
2,3259,0.1420810967683792,0.06103233993053436,0.13802866637706757
2,3269,0.292702317237854,0.30549949407577515,0.2933421730995178
2,3279,0.1402658373117447,0.14116652309894562,0.1403108686208725
2,3289,0.6422820687294006,0.3806847929954529,0.6292022466659546
2,3299,0.47585436701774597,0.1942289024591446,0.4617730975151062
2,3309,0.5774427056312561,0.2581018805503845,0.5614756941795349
2,3319,0.23381462693214417,0.11396843194961548,0.22782231867313385
2,3329,0.20747527480125427,0.2471046894788742,0.20945674180984497
2,3339,0.16944056749343872,0.21786534786224365,0.17186181247234344
2,3349,0.20752570033073425,0.07439563423395157,0.20086918771266937
2,3359,0.632119357585907,0.1869974136352539,0.60986328125
2,3369,0.9776206016540527,0.20287290215492249,0.9388831853866577
2,3379,0.7377867102622986,0.5346710681915283,0.7276309728622437
2,3389,2.1168620586395264,0.20760254561901093,2.0213990211486816
2,3399,0.4919489026069641,0.2699485421180725,0.48084890842437744
2,3409,0.47065603733062744,0.1612333208322525,0.4551849067211151
2,3419,0.7417637705802917,0.3447953462600708,0.7219153046607971
2,3429,0.6622153520584106,0.19494445621967316,0.6388517618179321
2,3439,0.8918770551681519,0.27728408575057983,0.861147403717041
2,3449,0.9096722602844238,0.15816952288150787,0.8720970749855042
2,3459,4.131033897399902,0.439736545085907,3.9464688301086426
2,3469,0.19854849576950073,0.06576576828956604,0.19190935790538788
2,3479,1.012660264968872,0.20443511009216309,0.9722490310668945
2,3489,1.2968064546585083,0.37598440051078796,1.250765323638916
2,3499,0.4606696665287018,0.4113331139087677,0.4582028090953827
2,3509,0.23006218671798706,0.0785052627325058,0.22248433530330658
2,3519,0.23992820084095,0.13579142093658447,0.2347213476896286
2,3529,0.36785608530044556,0.09269575029611588,0.3540980815887451
2,3539,0.19548434019088745,0.1217259019613266,0.1917964071035385
2,3549,0.2924800217151642,0.2592915892601013,0.2908205986022949
2,3559,0.17125308513641357,0.0823843777179718,0.16680964827537537
2,3569,0.26279088854789734,0.3232647776603699,0.26581457257270813
2,3579,0.15442310273647308,0.07658077776432037,0.15053097903728485
2,3589,0.45288193225860596,0.4674828052520752,0.45361196994781494
2,3599,0.2472504824399948,0.14806124567985535,0.24229101836681366
2,3609,0.6241181492805481,0.7321680188179016,0.6295206546783447
2,3619,0.39504262804985046,0.38533902168273926,0.3945574462413788
2,3629,0.38081881403923035,0.17986661195755005,0.370771199464798
2,3639,0.4397922158241272,0.1884116530418396,0.42722317576408386
2,3649,0.47844165563583374,0.5172014832496643,0.4803796410560608
2,3659,0.11311451345682144,0.08116786181926727,0.11151717603206635
2,3669,0.32460126280784607,0.11383062601089478,0.3140627145767212
2,3679,0.32626649737358093,0.11716639995574951,0.31581151485443115
2,3689,0.3880583643913269,0.2813654839992523,0.38272371888160706
2,3699,0.3755009174346924,0.08257396519184113,0.3608545660972595
2,3709,0.3487743139266968,0.24774488806724548,0.3437228500843048
2,3719,0.8344186544418335,0.33484023809432983,0.8094397187232971
2,3729,0.2883179485797882,0.09208310395479202,0.27850621938705444
2,3739,0.17962610721588135,0.074226513504982,0.1743561327457428
2,3749,0.20156407356262207,0.15507756173610687,0.19923974573612213
2,3759,0.21782532334327698,0.2276105284690857,0.21831457316875458
2,3769,0.9161697626113892,0.20869183540344238,0.8807958364486694
2,3779,0.502718985080719,0.32793939113616943,0.4939799904823303
2,3789,0.3344367444515228,0.22746504843235016,0.32908815145492554
2,3799,0.24266357719898224,0.20281921327114105,0.24067135155200958
2,3809,0.5446192622184753,0.317301869392395,0.5332533717155457
2,3819,0.4473331570625305,0.4531479477882385,0.4476238787174225
2,3829,0.3802230954170227,0.08709603548049927,0.3655667304992676
2,3839,0.36791014671325684,0.15564502775669098,0.357296884059906
2,3849,0.1690698266029358,0.08703447878360748,0.16496805846691132
2,3859,0.6490729451179504,0.2776672840118408,0.6305026412010193
3,9,0.5084786415100098,0.3656904399394989,0.5013391971588135
3,19,0.3781929910182953,0.6514210104942322,0.3918543756008148
3,29,0.27955856919288635,0.30229660868644714,0.28069546818733215
3,39,0.21567529439926147,0.26004475355148315,0.21789376437664032
3,49,0.35465455055236816,0.11079296469688416,0.3424614667892456
3,59,0.4760810434818268,0.13013248145580292,0.4587835967540741
3,69,0.3379339575767517,0.27002763748168945,0.33453863859176636
3,79,0.1880224496126175,0.09325475990772247,0.18328405916690826
3,89,0.29344111680984497,0.3205834627151489,0.29479822516441345
3,99,0.1879204362630844,0.15380814671516418,0.18621480464935303
3,109,0.25622090697288513,0.14984160661697388,0.2509019374847412
3,119,0.3306007385253906,0.33613520860671997,0.3308774530887604
3,129,0.15854611992835999,0.08427280932664871,0.15483245253562927
3,139,0.28534021973609924,0.3277459442615509,0.28746047616004944
3,149,0.5105082988739014,0.38343486189842224,0.504154622554779
3,159,0.4785246253013611,0.3880772590637207,0.47400227189064026
3,169,0.26030150055885315,0.45673471689224243,0.270123153924942
3,179,0.3925088047981262,0.23280172049999237,0.3845234215259552
3,189,0.37332409620285034,0.6687597036361694,0.388095885515213
3,199,0.1934427171945572,0.07862933725118637,0.18770204484462738
3,209,0.14561843872070312,0.12590442597866058,0.1446327269077301
3,219,0.3305138945579529,0.1854502111673355,0.32326072454452515
3,229,0.29720550775527954,0.12695729732513428,0.2886931002140045
3,239,0.1865854114294052,0.0657433271408081,0.18054330348968506
3,249,1.003113031387329,0.4853726327419281,0.9772260189056396
3,259,0.1874925196170807,0.11359740793704987,0.18379776179790497
3,269,0.2528316080570221,0.2853696942329407,0.2544585168361664
3,279,0.26515257358551025,0.08699620515108109,0.2562447488307953
3,289,0.15895923972129822,0.10295538604259491,0.15615904331207275
3,299,0.2767709791660309,0.08749993145465851,0.26730743050575256
3,309,0.3669404089450836,0.07231419533491135,0.35220909118652344
3,319,0.31877803802490234,0.36595067381858826,0.3211366534233093
3,329,0.46071964502334595,0.30118945240974426,0.45274314284324646
3,339,0.3271973133087158,0.5448651909828186,0.3380807042121887
3,349,0.2267957329750061,0.21769843995571136,0.2263408750295639
3,359,0.21219311654567719,0.09130342304706573,0.20614862442016602
3,369,0.4422851502895355,0.35024574398994446,0.4376831650733948
3,379,0.16869965195655823,0.06790836155414581,0.16366009414196014
3,389,0.286098450422287,0.4210894703865051,0.29284799098968506
3,399,0.17564870417118073,0.1329907923936844,0.17351581156253815
3,409,0.17299942672252655,0.11171441525220871,0.1699351668357849
3,419,0.194406658411026,0.1756187379360199,0.19346725940704346
3,429,0.5028247237205505,0.2071366012096405,0.48804032802581787
3,439,0.27182698249816895,0.15988662838935852,0.2662299573421478
3,449,0.15364819765090942,0.08194156736135483,0.15006285905838013
3,459,0.43401896953582764,0.29106828570365906,0.4268714487552643
3,469,0.19666364789009094,0.10151681303977966,0.19190630316734314
3,479,0.11875980347394943,0.060334213078022,0.11583852022886276
3,489,0.2799690365791321,0.13610771298408508,0.2727759778499603
3,499,0.30615314841270447,0.1315177083015442,0.2974213659763336
3,509,0.2747614085674286,0.37985366582870483,0.2800160348415375
3,519,0.19305844604969025,0.12559911608695984,0.18968547880649567
3,529,0.15102151036262512,0.053197771310806274,0.14613032341003418
3,539,0.31399857997894287,0.44686102867126465,0.3206416964530945
3,549,0.24033065140247345,0.21751771867275238,0.2391899973154068
3,559,0.2325366884469986,0.15289397537708282,0.22855454683303833
3,569,0.17532581090927124,0.12005847692489624,0.17256243526935577
3,579,0.2660732567310333,0.3285122513771057,0.26919519901275635
3,589,0.34918466210365295,0.20836471021175385,0.3421436548233032
3,599,0.2383716106414795,0.1580033004283905,0.2343531847000122
3,609,0.3253293037414551,0.4145212471485138,0.3297888934612274
3,619,0.3150721490383148,0.2739546000957489,0.31301629543304443
3,629,0.5693016648292542,0.3956741690635681,0.5606203079223633
3,639,0.5564043521881104,0.21489547193050385,0.5393288731575012
3,649,0.4078298807144165,0.21433740854263306,0.3981552720069885
3,659,0.33811289072036743,0.6379663348197937,0.3531055748462677
3,669,0.35279393196105957,0.20577044785022736,0.3454427719116211
3,679,0.9463244080543518,0.31392958760261536,0.9147046208381653
3,689,0.5226882696151733,0.3673797845840454,0.5149228572845459
3,699,0.18037262558937073,0.16981233656406403,0.17984461784362793
3,709,0.5223602652549744,0.38303500413894653,0.5153940320014954
3,719,0.7564865946769714,0.2419716715812683,0.7307608723640442
3,729,0.40171799063682556,0.06098218262195587,0.38468119502067566
3,739,0.2280210554599762,0.17645741999149323,0.22544287145137787
3,749,0.19776953756809235,0.09942346066236496,0.1928522288799286
3,759,0.23851297795772552,0.15218353271484375,0.2341964989900589
3,769,0.4002068042755127,0.3182060718536377,0.3961067497730255
3,779,0.396506667137146,0.15304559469223022,0.38433361053466797
3,789,0.1752128303050995,0.20183396339416504,0.17654387652873993
3,799,0.3077828288078308,0.1465694159269333,0.29972216486930847
3,809,0.24100440740585327,0.2617877721786499,0.24204356968402863
3,819,0.21773794293403625,0.10493123531341553,0.21209761500358582
3,829,0.544502854347229,0.25529801845550537,0.5300426483154297
3,839,0.15426497161388397,0.07742724567651749,0.1504230946302414
3,849,0.1851738542318344,0.19061896204948425,0.1854461133480072
3,859,0.16395172476768494,0.07649433612823486,0.1595788449048996
3,869,0.4754321575164795,0.22031855583190918,0.462676465511322
3,879,0.5553534030914307,0.6928089261054993,0.5622261762619019
3,889,0.21631492674350739,0.09199319779872894,0.21009883284568787
3,899,0.30312907695770264,0.3518221378326416,0.305563747882843
3,909,0.08376003056764603,0.054463885724544525,0.08229522407054901
3,919,0.3223226070404053,0.25871405005455017,0.3191421627998352
3,929,0.1668330729007721,0.08871403336524963,0.16292712092399597
3,939,0.5672188997268677,0.29947012662887573,0.5538314580917358
3,949,0.43927475810050964,0.5705075860023499,0.4458363950252533
3,959,0.49308690428733826,0.24856899678707123,0.48086100816726685
3,969,0.5617741346359253,0.3634573221206665,0.5518583059310913
3,979,0.30105721950531006,0.1367674618959427,0.2928427457809448
3,989,0.1703631430864334,0.07778419554233551,0.1657341867685318
3,999,0.49661529064178467,0.3453295826911926,0.4890510141849518
3,1009,0.3343954086303711,0.11005797982215881,0.3231785297393799
3,1019,0.18109117448329926,0.1348721832036972,0.1787802278995514
3,1029,0.25800177454948425,0.1792779117822647,0.2540655732154846
3,1039,0.283296674489975,0.27414849400520325,0.28283926844596863
3,1049,0.48347532749176025,0.16525626182556152,0.4675643742084503
3,1059,0.2041507214307785,0.29437845945358276,0.20866210758686066
3,1069,0.5456265211105347,0.4424208998680115,0.5404662489891052
3,1079,0.28281405568122864,0.1726764440536499,0.2773071825504303
3,1089,0.10546144843101501,0.08447939902544022,0.10441234707832336
3,1099,0.36205264925956726,0.5679529905319214,0.3723476529121399
3,1109,0.9879862666130066,0.5396080613136292,0.9655673503875732
3,1119,0.5389169454574585,0.3749932646751404,0.5307207703590393
3,1129,0.3171165883541107,0.27025115489959717,0.3147733211517334
3,1139,0.21233972907066345,0.12182675302028656,0.2078140825033188
3,1149,0.14744481444358826,0.09611877799034119,0.14487850666046143
3,1159,0.20063062012195587,0.18501479923725128,0.19984982907772064
3,1169,0.21620671451091766,0.14380697906017303,0.21258671581745148
3,1179,0.24113455414772034,0.28925442695617676,0.24354055523872375
3,1189,0.38946810364723206,0.34766727685928345,0.387378066778183
3,1199,0.273822158575058,0.15136678516864777,0.26769939064979553
3,1209,0.14779232442378998,0.06329820305109024,0.14356762170791626
3,1219,0.4706508219242096,0.33631432056427,0.4639340043067932
3,1229,0.1676459014415741,0.1488555371761322,0.166706383228302
3,1239,0.42962783575057983,0.25362682342529297,0.4208277761936188
3,1249,0.3150174915790558,0.0766894742846489,0.3031010925769806
3,1259,0.26316964626312256,0.21627913415431976,0.26082509756088257
3,1269,0.5447111129760742,0.17192289233207703,0.5260716676712036
3,1279,0.17950686812400818,0.04517829045653343,0.17279043793678284
3,1289,0.3437795042991638,0.3254952132701874,0.3428652882575989
3,1299,0.4358862638473511,0.4414096474647522,0.43616241216659546
3,1309,0.5247315168380737,0.24590742588043213,0.5107902884483337
3,1319,0.39696523547172546,0.16051894426345825,0.3851429224014282
3,1329,0.218429833650589,0.09044761955738068,0.21203072369098663
3,1339,0.23977535963058472,0.15070372819900513,0.2353217750787735
3,1349,0.21789446473121643,0.10415719449520111,0.2122076004743576
3,1359,0.9112222194671631,0.2624506652355194,0.878783643245697
3,1369,0.21562053263187408,0.15299725532531738,0.21248936653137207
3,1379,0.44233405590057373,0.2818571925163269,0.4343101978302002
3,1389,0.23483657836914062,0.24232478439807892,0.23521098494529724
3,1399,0.32348138093948364,0.23530149459838867,0.3190723657608032
3,1409,0.3332855701446533,0.45114418864250183,0.3391784727573395
3,1419,0.29438501596450806,0.2722892165184021,0.2932802438735962
3,1429,0.5630679726600647,0.3411419987678528,0.5519716739654541
3,1439,0.4067523181438446,0.13683417439460754,0.39325642585754395
3,1449,0.8150040507316589,0.24884094297885895,0.7866958975791931
3,1459,0.4341745376586914,0.23219044506549835,0.42407533526420593
3,1469,0.22901909053325653,0.23251022398471832,0.22919364273548126
3,1479,0.42075997591018677,0.2011047750711441,0.4097772240638733
3,1489,0.094929039478302,0.10496747493743896,0.09543096274137497
3,1499,0.39369451999664307,0.408831387758255,0.3944513499736786
3,1509,0.40972745418548584,0.4117218255996704,0.40982717275619507
3,1519,0.3800544738769531,0.275564044713974,0.3748299479484558
3,1529,0.15090832114219666,0.06576624512672424,0.1466512233018875
3,1539,0.1294284462928772,0.1317271888256073,0.12954337894916534
3,1549,0.45934972167015076,0.2498730570077896,0.44887587428092957
3,1559,0.3163943886756897,0.1757199466228485,0.30936065316200256
3,1569,0.28062835335731506,0.3369731903076172,0.2834455966949463
3,1579,0.19915065169334412,0.07994623482227325,0.19319042563438416
3,1589,0.2452765554189682,0.1258029192686081,0.2393028736114502
3,1599,0.3550439476966858,0.19613544642925262,0.34709852933883667
3,1609,0.3796777129173279,0.16848085820674896,0.3691178560256958
3,1619,0.6659325957298279,0.4289591312408447,0.6540839076042175
3,1629,0.2606423497200012,0.15084505081176758,0.25515246391296387
3,1639,0.287203311920166,0.11633022129535675,0.2786596715450287
3,1649,0.21435807645320892,0.08462762087583542,0.20787154138088226
3,1659,0.6484079957008362,0.20271185040473938,0.6261231899261475
3,1669,0.25062230229377747,0.10285373032093048,0.24323387444019318
3,1679,0.8338688611984253,0.3396642506122589,0.8091586232185364
3,1689,0.1908758580684662,0.10469038039445877,0.18656659126281738
3,1699,0.43929553031921387,0.2256336808204651,0.4286124110221863
3,1709,0.13669966161251068,0.08830709755420685,0.1342800259590149
3,1719,0.21681690216064453,0.13223588466644287,0.2125878483057022
3,1729,0.78440260887146,0.3260745108127594,0.7614861726760864
3,1739,0.7095414996147156,0.2436951994895935,0.6862491369247437
3,1749,0.6276991963386536,0.5386456847190857,0.6232465505599976
3,1759,0.30405864119529724,0.10566321760416031,0.2941388487815857
3,1769,0.2180066704750061,0.08670996129512787,0.21144182980060577
3,1779,0.47150036692619324,0.41384509205818176,0.46861758828163147
3,1789,0.27564704418182373,0.2056364119052887,0.2721465229988098
3,1799,0.18776501715183258,0.15751037001609802,0.18625228106975555
3,1809,0.8291745781898499,0.34046220779418945,0.8047389388084412
3,1819,0.5565400123596191,0.3001481592655182,0.5437204241752625
3,1829,0.4174582064151764,0.45978236198425293,0.41957440972328186
3,1839,0.10974723845720291,0.11675657331943512,0.11009770631790161
3,1849,0.7809826731681824,0.19173690676689148,0.7515203952789307
3,1859,0.545457661151886,0.33260270953178406,0.5348148941993713
3,1869,0.24644897878170013,0.16817419230937958,0.24253523349761963
3,1879,0.20807042717933655,0.26532691717147827,0.21093323826789856
3,1889,0.14743691682815552,0.0967770591378212,0.14490392804145813
3,1899,0.5799780488014221,0.3663980960845947,0.569299042224884
3,1909,0.5710821747779846,0.4947875142097473,0.5672674179077148
3,1919,0.11709880828857422,0.06852419674396515,0.11467007547616959
3,1929,0.19953158497810364,0.3319821357727051,0.20615410804748535
3,1939,0.48397791385650635,0.7068270444869995,0.4951203763484955
3,1949,0.8309586644172668,0.3232283294200897,0.8055721521377563
3,1959,0.2915337383747101,0.2892386317253113,0.29141896963119507
3,1969,0.3026264011859894,0.3552781939506531,0.30525898933410645
3,1979,0.14093570411205292,0.14718779921531677,0.14124830067157745
3,1989,0.20682750642299652,0.2573968172073364,0.20935596525669098
3,1999,0.36911362409591675,0.3554922640323639,0.36843255162239075
3,2009,0.21755649149417877,0.12163960188627243,0.21276064217090607
3,2019,0.21337264776229858,0.22121687233448029,0.21376486122608185
3,2029,0.1917138695716858,0.07201740145683289,0.1857290416955948
3,2039,0.16841278970241547,0.06892967224121094,0.16343863308429718
3,2049,0.46112385392189026,0.6035658121109009,0.4682459235191345
3,2059,0.19917011260986328,0.07655211538076401,0.193039208650589
3,2069,0.1125253438949585,0.06591473519802094,0.11019480973482132
3,2079,0.43391531705856323,0.21695132553577423,0.4230671226978302
3,2089,0.24570122361183167,0.08946375548839569,0.2378893494606018
3,2099,0.30850228667259216,0.5090806484222412,0.31853121519088745
3,2109,0.4684021472930908,0.49770060181617737,0.4698670506477356
3,2119,0.3650653064250946,0.5514334440231323,0.37438371777534485
3,2129,0.10908811539411545,0.07944589853286743,0.10760600119829178
3,2139,0.8275192379951477,0.4133535623550415,0.8068109154701233
3,2149,1.3234080076217651,0.06413935869932175,1.2604445219039917
3,2159,0.09797176718711853,0.08636629581451416,0.09739148616790771
3,2169,0.23844370245933533,0.265852153301239,0.2398141324520111
3,2179,0.16274216771125793,0.1988675743341446,0.16454844176769257
3,2189,0.16560792922973633,0.07103394716978073,0.1608792245388031
3,2199,0.6216145157814026,0.2874109745025635,0.6049043536186218
3,2209,0.15209729969501495,0.15502473711967468,0.15224367380142212
3,2219,0.10054395347833633,0.07360705733299255,0.09919711202383041
3,2229,0.2949427664279938,0.303939551115036,0.29539260268211365
3,2239,0.2838771343231201,0.2900002598762512,0.2841832935810089
3,2249,0.36261358857154846,0.1581479012966156,0.3523902893066406
3,2259,0.27943211793899536,0.24120065569877625,0.2775205671787262
3,2269,0.39274081587791443,0.317206472158432,0.38896408677101135
3,2279,0.12302155047655106,0.09004667401313782,0.12137280404567719
3,2289,0.20325423777103424,0.13149219751358032,0.19966614246368408
3,2299,0.23320305347442627,0.2241635024547577,0.23275107145309448
3,2309,0.21009910106658936,0.09397813677787781,0.20429304242134094
3,2319,0.4968612790107727,0.18043926358222961,0.48104017972946167
3,2329,0.4681648910045624,0.3598133325576782,0.4627473056316376
3,2339,0.44992902874946594,0.21222878992557526,0.438044011592865
3,2349,0.3565525412559509,0.2406488060951233,0.350757360458374
3,2359,0.2135685235261917,0.1490539312362671,0.21034279465675354
3,2369,0.633215069770813,0.2567594051361084,0.6143922805786133
3,2379,0.9172226786613464,0.619053304195404,0.9023142457008362
3,2389,0.3419313430786133,0.0712195336818695,0.3283957540988922
3,2399,0.4513707756996155,0.2841342091560364,0.4430089294910431
3,2409,0.5361050963401794,0.4592015743255615,0.5322598814964294
3,2419,0.4948280155658722,0.26938262581825256,0.48355573415756226
3,2429,0.2159755975008011,0.1804661750793457,0.21420012414455414
3,2439,0.6634527444839478,0.36212605237960815,0.6483863592147827
3,2449,0.21266064047813416,0.12432470172643661,0.20824383199214935
3,2459,0.19161710143089294,0.2366304099559784,0.1938677728176117
3,2469,0.3295101523399353,0.3540095090866089,0.33073511719703674
3,2479,0.2519616186618805,0.29073968529701233,0.25390052795410156
3,2489,0.45676735043525696,0.23582133650779724,0.44572004675865173
3,2499,0.42043402791023254,0.3030812740325928,0.41456639766693115
3,2509,0.5053064227104187,0.2010207176208496,0.49009212851524353
3,2519,0.6046074032783508,0.4987054169178009,0.5993122458457947
3,2529,0.41280055046081543,0.25887376070022583,0.4051041901111603
3,2539,0.3604584336280823,0.22054028511047363,0.3534625172615051
3,2549,0.5267695784568787,0.10588331520557404,0.5057252645492554
3,2559,5.355398178100586,0.11353907734155655,5.0933051109313965
3,2569,10.048095703125,0.44323405623435974,9.567852020263672
3,2579,2.257747173309326,0.343739777803421,2.1620466709136963
3,2589,4.7044596672058105,0.20578932762145996,4.479526519775391
3,2599,2.3652260303497314,0.13075147569179535,2.253502368927002
3,2609,1.4632604122161865,0.23378635942935944,1.4017866849899292
3,2619,3.312882423400879,0.3416872024536133,3.1643226146698
3,2629,5.294172286987305,0.429190993309021,5.0509233474731445
3,2639,6.8262104988098145,0.05765732377767563,6.487782955169678
3,2649,1.090216040611267,0.2077316790819168,1.0460917949676514
3,2659,1.8018081188201904,0.30030229687690735,1.726732850074768
3,2669,0.9469719529151917,0.16935847699642181,0.9080912470817566
3,2679,0.5002349019050598,0.17727269232273102,0.4840867817401886
3,2689,1.5729378461837769,0.2102922648191452,1.504805564880371
3,2699,0.5217627286911011,0.3616017997264862,0.513754665851593
3,2709,3.3205771446228027,0.15649333596229553,3.1623728275299072
3,2719,0.9525521993637085,0.13816715776920319,0.9118329286575317
3,2729,0.8291219472885132,0.2505222260951996,0.8001919388771057
3,2739,0.30397626757621765,0.17638376355171204,0.29759663343429565
3,2749,0.3689024746417999,0.14810654520988464,0.3578626811504364
3,2759,1.089306116104126,0.1576204001903534,1.0427218675613403
3,2769,0.6399299502372742,0.16080962121486664,0.615973949432373
3,2779,2.24884033203125,0.775286078453064,2.1751625537872314
3,2789,0.7331480383872986,0.1415654867887497,0.7035689353942871
3,2799,0.27350547909736633,0.2626553177833557,0.2729629874229431
3,2809,0.4167037010192871,0.2877202033996582,0.41025450825691223
3,2819,0.44669660925865173,0.10332423448562622,0.42952796816825867
3,2829,1.0690746307373047,0.27578556537628174,1.0294101238250732
3,2839,0.6607309579849243,0.20376092195510864,0.6378824710845947
3,2849,0.7271645069122314,0.17834517359733582,0.6997235417366028
3,2859,0.8547402024269104,0.26855170726776123,0.8254307508468628
3,2869,1.0671555995941162,0.7277479767799377,1.050185203552246
3,2879,0.9286864995956421,0.6149793863296509,0.9130011200904846
3,2889,0.8342660069465637,0.504581868648529,0.8177818059921265
3,2899,2.1459579467773438,0.22128167748451233,2.0497241020202637
3,2909,1.0094568729400635,0.1555745005607605,0.9667627215385437
3,2919,0.6025479435920715,0.15273261070251465,0.5800571441650391
3,2929,0.4592859148979187,0.1344573199748993,0.4430444836616516
3,2939,0.49009057879447937,0.33566564321517944,0.4823693037033081
3,2949,0.566706120967865,0.645074725151062,0.5706245303153992
3,2959,0.6504713296890259,0.5671075582504272,0.646303117275238
3,2969,0.45645010471343994,0.24982434511184692,0.4461188316345215
3,2979,0.2947162687778473,0.2481696456670761,0.2923889458179474
3,2989,0.5772842168807983,0.15601910650730133,0.5562209486961365
3,2999,0.181677907705307,0.21496722102165222,0.1833423674106598
3,3009,0.39148467779159546,0.5728421807289124,0.40055257081985474
3,3019,0.7205116152763367,0.7295570969581604,0.7209638953208923
3,3029,0.35543403029441833,0.27832335233688354,0.3515785038471222
3,3039,0.518712043762207,0.28644096851348877,0.5070984959602356
3,3049,0.224108025431633,0.14327533543109894,0.2200663834810257
3,3059,0.30865707993507385,0.328472375869751,0.3096478283405304
3,3069,0.4274697005748749,0.1924099624156952,0.4157167077064514
3,3079,0.9878131151199341,0.30285266041755676,0.9535650610923767
3,3089,1.194661021232605,0.1749722957611084,1.1436766386032104
3,3099,0.41251641511917114,0.17489545047283173,0.40063536167144775
3,3109,0.5821791291236877,0.7283195853233337,0.5894861817359924
3,3119,0.8432776927947998,0.4700181186199188,0.8246147036552429
3,3129,0.31574922800064087,0.06413738429546356,0.3031686544418335
3,3139,1.3253059387207031,0.2326950877904892,1.2706753015518188
3,3149,0.31527596712112427,0.0758560448884964,0.3033049702644348
3,3159,0.47472113370895386,0.3577633500099182,0.4688732326030731
3,3169,1.4284261465072632,0.34400758147239685,1.374205231666565
3,3179,0.6440795660018921,0.2664320468902588,0.625197172164917
3,3189,0.7631805539131165,0.46582698822021484,0.7483128905296326
3,3199,0.40986132621765137,0.19744086265563965,0.39924031496047974
3,3209,0.6991403102874756,0.21114732325077057,0.6747406125068665
3,3219,0.5609054565429688,0.18273614346981049,0.541996955871582
3,3229,0.6382704377174377,0.6456995606422424,0.638641893863678
3,3239,0.37303072214126587,0.2623196542263031,0.3674951493740082
3,3249,0.4968113303184509,0.0979551300406456,0.47686851024627686
3,3259,0.2685330808162689,0.2936190366744995,0.26978737115859985
3,3269,0.2260720580816269,0.08018986135721207,0.21877795457839966
3,3279,0.14564117789268494,0.0909804254770279,0.14290814101696014
3,3289,0.5245507955551147,0.6792338490486145,0.5322849750518799
3,3299,0.3447607457637787,0.32073551416397095,0.34355947375297546
3,3309,0.33417466282844543,0.4458388388156891,0.33975785970687866
3,3319,0.35029587149620056,0.15742334723472595,0.3406522572040558
3,3329,0.1322110891342163,0.10332219302654266,0.13076664507389069
3,3339,0.30699560046195984,0.14306339621543884,0.2987990081310272
3,3349,0.33712223172187805,0.19928418099880219,0.33023032546043396
3,3359,0.509431004524231,0.16669948399066925,0.49229440093040466
3,3369,0.7620536088943481,0.3777213990688324,0.7428370118141174
3,3379,0.3581520617008209,0.1587541699409485,0.34818214178085327
3,3389,0.48172682523727417,0.35440394282341003,0.4753606617450714
3,3399,0.29170265793800354,0.3579857647418976,0.2950167953968048
3,3409,0.25683292746543884,0.08563492447137833,0.24827301502227783
3,3419,0.1381513923406601,0.11606217920780182,0.1370469331741333
3,3429,0.6350549459457397,0.48541712760925293,0.6275730133056641
3,3439,0.1971181333065033,0.11480288952589035,0.1930023729801178
3,3449,0.7112938165664673,0.3089301586151123,0.6911755800247192
3,3459,0.8122990131378174,0.4183005690574646,0.792599081993103
3,3469,0.7416093349456787,0.6026634573936462,0.7346620559692383
3,3479,0.3314346373081207,0.30959099531173706,0.33034247159957886
3,3489,0.2899756133556366,0.10060766339302063,0.28050723671913147
3,3499,0.49817726016044617,0.20659367740154266,0.48359808325767517
3,3509,0.6574181318283081,0.2730238437652588,0.6381984353065491
3,3519,0.6768682599067688,0.49472054839134216,0.6677609086036682
3,3529,0.18095889687538147,0.17229530215263367,0.18052572011947632
3,3539,0.12656079232692719,0.09794646501541138,0.1251300722360611
3,3549,0.16779141128063202,0.09973934292793274,0.16438880562782288
3,3559,0.19717980921268463,0.14713837206363678,0.19467772543430328
3,3569,0.21300260722637177,0.08702601492404938,0.206703782081604
3,3579,0.6088021993637085,0.48692524433135986,0.6027083396911621
3,3589,0.4073444902896881,0.4310263693332672,0.40852856636047363
3,3599,0.24461589753627777,0.16289938986301422,0.2405300736427307
3,3609,0.47967272996902466,0.2045171856880188,0.4659149646759033
3,3619,0.5631299018859863,0.16201117634773254,0.5430739521980286
3,3629,0.5035685896873474,0.38193219900131226,0.49748677015304565
3,3639,0.5783765316009521,0.4226287603378296,0.5705891251564026
3,3649,0.14526037871837616,0.10188181698322296,0.14309145510196686
3,3659,0.3240024745464325,0.1803322434425354,0.3168189525604248
3,3669,0.7161837220191956,0.3765855133533478,0.6992037892341614
3,3679,0.6129285097122192,0.25210386514663696,0.5948872566223145
3,3689,0.28279590606689453,0.08059759438037872,0.2726859748363495
3,3699,0.23872868716716766,0.15184953808784485,0.2343847155570984
3,3709,0.25754088163375854,0.17283610999584198,0.2533056437969208
3,3719,0.4087371826171875,0.7092312574386597,0.42376190423965454
3,3729,0.379427433013916,0.40020322799682617,0.3804662227630615
3,3739,0.311400830745697,0.32397329807281494,0.3120294511318207
3,3749,0.16461294889450073,0.17775651812553406,0.1652701199054718
3,3759,0.188332661986351,0.21210935711860657,0.18952149152755737
3,3769,0.24898599088191986,0.1500665247440338,0.24404001235961914
3,3779,0.27080249786376953,0.34005439281463623,0.2742651104927063
3,3789,0.2073030322790146,0.16458472609519958,0.20516711473464966
3,3799,0.2768576443195343,0.16581948101520538,0.27130573987960815
3,3809,0.7081975936889648,0.28110557794570923,0.6868429780006409
3,3819,0.7637538313865662,0.885208010673523,0.7698265314102173
3,3829,0.3582289218902588,0.1952739804983139,0.3500811457633972
3,3839,0.3291006088256836,0.22098878026008606,0.32369503378868103
3,3849,0.6358518600463867,0.41088277101516724,0.6246033906936646
3,3859,0.5611287355422974,0.36311179399490356,0.551227867603302
